candidate_id,feature_set,features,feature_count,model,target,params,cv_mape_mean,cv_mape_std,cv_mae_mean,cv_oof_mape
M0_raw_Dummy,M0,[],0,Dummy,raw,{},19.755896810928203,6.141806499669524,155.31428571428572,19.62982179812306
M1_raw_Linear,M1,['log10_dq_var'],1,Linear,raw,{},9.288456797618744,1.7626784400385882,82.8347238828058,9.308379934557673
M1_raw_Ridge,M1,['log10_dq_var'],1,Ridge,raw,"{""alpha"": 0.01}",9.28918954970702,1.7592733439089219,82.83539191035909,9.309097277305462
M1_raw_Ridge,M1,['log10_dq_var'],1,Ridge,raw,"{""alpha"": 0.1}",9.295761616879698,1.7288022771714453,82.84138332948665,9.315531132637261
M1_raw_Ridge,M1,['log10_dq_var'],1,Ridge,raw,"{""alpha"": 1.0}",9.35930987316022,1.4420533845298276,82.89930475660572,9.37774247671881
M1_raw_Ridge,M1,['log10_dq_var'],1,Ridge,raw,"{""alpha"": 10.0}",10.476408298242585,0.9306774084559394,87.02270415941597,10.469114289891605
M1_raw_Ridge,M1,['log10_dq_var'],1,Ridge,raw,"{""alpha"": 100.0}",16.12293215938152,3.5238318613702826,128.58742402607305,16.045825002544476
M1_raw_ElasticNet,M1,['log10_dq_var'],1,ElasticNet,raw,"{""alpha"": 0.0001, ""l1_ratio"": 0.2}",9.28862677322351,1.7618867186310287,82.83487753039142,9.30854629809339
M1_raw_ElasticNet,M1,['log10_dq_var'],1,ElasticNet,raw,"{""alpha"": 0.0001, ""l1_ratio"": 0.8}",9.288500107516366,1.7624758053475642,82.83476172197481,9.308422324467875
M1_raw_ElasticNet,M1,['log10_dq_var'],1,ElasticNet,raw,"{""alpha"": 0.01, ""l1_ratio"": 0.2}",9.305320805834606,1.684547464472517,82.84996791826492,9.324885573922588
M1_raw_ElasticNet,M1,['log10_dq_var'],1,ElasticNet,raw,"{""alpha"": 0.01, ""l1_ratio"": 0.8}",9.292779229137828,1.742481962026763,82.838500322505,9.312610549128502
M1_raw_ElasticNet,M1,['log10_dq_var'],1,ElasticNet,raw,"{""alpha"": 1.0, ""l1_ratio"": 0.2}",11.74195268572284,1.2974653392197422,93.08583536850402,11.727409424151409
M1_raw_ElasticNet,M1,['log10_dq_var'],1,ElasticNet,raw,"{""alpha"": 1.0, ""l1_ratio"": 0.8}",10.00575931401808,0.944968093669563,85.14221791635651,10.008116305651074
M1_raw_ElasticNet,M1,['log10_dq_var'],1,ElasticNet,raw,"{""alpha"": 10.0, ""l1_ratio"": 0.2}",17.779057587154373,4.649674463938064,142.18300646901685,17.677959196821053
M1_raw_ElasticNet,M1,['log10_dq_var'],1,ElasticNet,raw,"{""alpha"": 10.0, ""l1_ratio"": 0.8}",14.784086789493932,2.7303332841706016,117.62020193750263,14.72394742124917
M1_raw_RandomForest,M1,['log10_dq_var'],1,RandomForest,raw,"{""max_depth"": 2, ""max_features"": 0.7, ""min_samples_leaf"": 3, ""n_estimators"": 100}",8.510297011632003,3.1133415587196853,70.45022223909379,8.580988688277374
M1_raw_RandomForest,M1,['log10_dq_var'],1,RandomForest,raw,"{""max_depth"": 2, ""max_features"": 0.7, ""min_samples_leaf"": 5, ""n_estimators"": 100}",10.030726476253875,3.8234323774884476,83.3915601028979,10.109358743570171
M1_raw_RandomForest,M1,['log10_dq_var'],1,RandomForest,raw,"{""max_depth"": 2, ""max_features"": 1.0, ""min_samples_leaf"": 3, ""n_estimators"": 100}",8.510297011632003,3.1133415587196853,70.45022223909379,8.580988688277374
M1_raw_RandomForest,M1,['log10_dq_var'],1,RandomForest,raw,"{""max_depth"": 2, ""max_features"": 1.0, ""min_samples_leaf"": 5, ""n_estimators"": 100}",10.030726476253875,3.8234323774884476,83.3915601028979,10.109358743570171
M1_raw_RandomForest,M1,['log10_dq_var'],1,RandomForest,raw,"{""max_depth"": 3, ""max_features"": 0.7, ""min_samples_leaf"": 3, ""n_estimators"": 100}",8.255521237353697,3.512075120729846,69.05803201272933,8.340331735949498
M1_raw_RandomForest,M1,['log10_dq_var'],1,RandomForest,raw,"{""max_depth"": 3, ""max_features"": 0.7, ""min_samples_leaf"": 5, ""n_estimators"": 100}",10.023815863265606,3.8256492555955584,83.35111696798657,10.102365602203639
M1_raw_RandomForest,M1,['log10_dq_var'],1,RandomForest,raw,"{""max_depth"": 3, ""max_features"": 1.0, ""min_samples_leaf"": 3, ""n_estimators"": 100}",8.255521237353697,3.512075120729846,69.05803201272933,8.340331735949498
M1_raw_RandomForest,M1,['log10_dq_var'],1,RandomForest,raw,"{""max_depth"": 3, ""max_features"": 1.0, ""min_samples_leaf"": 5, ""n_estimators"": 100}",10.023815863265606,3.8256492555955584,83.35111696798657,10.102365602203639
M1_raw_XGBoost,M1,['log10_dq_var'],1,XGBoost,raw,"{""learning_rate"": 0.03, ""max_depth"": 1, ""min_child_weight"": 5, ""n_estimators"": 60, ""reg_lambda"": 10.0}",12.924072910918193,5.530744346779579,105.89805908203125,12.857403930326722
M1_raw_XGBoost,M1,['log10_dq_var'],1,XGBoost,raw,"{""learning_rate"": 0.03, ""max_depth"": 1, ""min_child_weight"": 5, ""n_estimators"": 60, ""reg_lambda"": 30.0}",14.667296720875985,6.123656553598969,119.11715523856026,14.573350215028185
M1_raw_XGBoost,M1,['log10_dq_var'],1,XGBoost,raw,"{""learning_rate"": 0.03, ""max_depth"": 1, ""min_child_weight"": 5, ""n_estimators"": 120, ""reg_lambda"": 10.0}",10.774430353417568,4.837179873488455,88.41930084228515,10.728690626325449
M1_raw_XGBoost,M1,['log10_dq_var'],1,XGBoost,raw,"{""learning_rate"": 0.03, ""max_depth"": 1, ""min_child_weight"": 5, ""n_estimators"": 120, ""reg_lambda"": 30.0}",12.626898782662746,5.52361371314634,104.06609758649554,12.574466730649863
M1_raw_XGBoost,M1,['log10_dq_var'],1,XGBoost,raw,"{""learning_rate"": 0.03, ""max_depth"": 2, ""min_child_weight"": 5, ""n_estimators"": 60, ""reg_lambda"": 10.0}",12.06117265729951,5.383202068209321,99.08479134695871,11.985457245329338
M1_raw_XGBoost,M1,['log10_dq_var'],1,XGBoost,raw,"{""learning_rate"": 0.03, ""max_depth"": 2, ""min_child_weight"": 5, ""n_estimators"": 60, ""reg_lambda"": 30.0}",14.412109670062312,5.972462223793605,117.49069519042969,14.320846757406674
M1_raw_XGBoost,M1,['log10_dq_var'],1,XGBoost,raw,"{""learning_rate"": 0.03, ""max_depth"": 2, ""min_child_weight"": 5, ""n_estimators"": 120, ""reg_lambda"": 10.0}",10.4809133508946,4.492165379703995,86.11287471226282,10.440889830619543
M1_raw_XGBoost,M1,['log10_dq_var'],1,XGBoost,raw,"{""learning_rate"": 0.03, ""max_depth"": 2, ""min_child_weight"": 5, ""n_estimators"": 120, ""reg_lambda"": 30.0}",12.169455064004183,5.458064600657463,100.74606584821429,12.11506628346953
M1_raw_LightGBM,M1,['log10_dq_var'],1,LightGBM,raw,"{""learning_rate"": 0.03, ""max_depth"": 2, ""min_child_samples"": 5, ""n_estimators"": 60, ""num_leaves"": 3, ""reg_lambda"": 10.0}",12.653602670868064,4.861921256671919,103.5400237149498,12.606199585277581
M1_raw_LightGBM,M1,['log10_dq_var'],1,LightGBM,raw,"{""learning_rate"": 0.03, ""max_depth"": 2, ""min_child_samples"": 5, ""n_estimators"": 60, ""num_leaves"": 4, ""reg_lambda"": 10.0}",12.717460161980242,4.820642224378935,103.9650766578566,12.668283257192195
M1_raw_LightGBM,M1,['log10_dq_var'],1,LightGBM,raw,"{""learning_rate"": 0.03, ""max_depth"": 2, ""min_child_samples"": 5, ""n_estimators"": 120, ""num_leaves"": 3, ""reg_lambda"": 10.0}",11.064607347491663,3.8532234021153497,90.66425069630608,11.060274957393833
M1_raw_LightGBM,M1,['log10_dq_var'],1,LightGBM,raw,"{""learning_rate"": 0.03, ""max_depth"": 2, ""min_child_samples"": 5, ""n_estimators"": 120, ""num_leaves"": 4, ""reg_lambda"": 10.0}",11.09843490838804,3.8034153766280574,90.81653313377589,11.092904473237713
M1_raw_LightGBM,M1,['log10_dq_var'],1,LightGBM,raw,"{""learning_rate"": 0.03, ""max_depth"": 2, ""min_child_samples"": 10, ""n_estimators"": 60, ""num_leaves"": 3, ""reg_lambda"": 10.0}",12.968473175747175,5.179833131609776,106.22070623200852,12.901770620500717
M1_raw_LightGBM,M1,['log10_dq_var'],1,LightGBM,raw,"{""learning_rate"": 0.03, ""max_depth"": 2, ""min_child_samples"": 10, ""n_estimators"": 60, ""num_leaves"": 4, ""reg_lambda"": 10.0}",12.968473175747175,5.179833131609776,106.22070623200852,12.901770620500717
M1_raw_LightGBM,M1,['log10_dq_var'],1,LightGBM,raw,"{""learning_rate"": 0.03, ""max_depth"": 2, ""min_child_samples"": 10, ""n_estimators"": 120, ""num_leaves"": 3, ""reg_lambda"": 10.0}",12.013851576478611,4.48840559386103,99.43040782283377,11.99018761315002
M1_raw_LightGBM,M1,['log10_dq_var'],1,LightGBM,raw,"{""learning_rate"": 0.03, ""max_depth"": 2, ""min_child_samples"": 10, ""n_estimators"": 120, ""num_leaves"": 4, ""reg_lambda"": 10.0}",12.013851576478611,4.48840559386103,99.43040782283377,11.99018761315002
M1_log10_Linear,M1,['log10_dq_var'],1,Linear,log10,{},10.955819238863565,4.212349982407056,100.84174651724848,10.913475716992261
M1_log10_Ridge,M1,['log10_dq_var'],1,Ridge,log10,"{""alpha"": 0.01}",10.956130333715704,4.20782589441438,100.8345895775104,10.913797645085904
M1_log10_Ridge,M1,['log10_dq_var'],1,Ridge,log10,"{""alpha"": 0.1}",10.958949655590843,4.167323833096813,100.77070098232964,10.916713328283995
M1_log10_Ridge,M1,['log10_dq_var'],1,Ridge,log10,"{""alpha"": 1.0}",10.988896029396685,3.782674187197263,100.18077005473673,10.947517461525681
M1_log10_Ridge,M1,['log10_dq_var'],1,Ridge,log10,"{""alpha"": 10.0}",11.515149173595187,1.6649458105725883,98.68964499597656,11.475012086062458
M1_log10_Ridge,M1,['log10_dq_var'],1,Ridge,log10,"{""alpha"": 100.0}",16.024883125477032,3.2852699825514606,131.19554219084574,15.942334533959551
M1_log10_ElasticNet,M1,['log10_dq_var'],1,ElasticNet,log10,"{""alpha"": 0.0001, ""l1_ratio"": 0.2}",10.955988520070479,4.207887531556468,100.83349330056596,10.91365661322579
M1_log10_ElasticNet,M1,['log10_dq_var'],1,ElasticNet,log10,"{""alpha"": 0.0001, ""l1_ratio"": 0.8}",10.956232037875152,4.198440027004398,100.81501724485179,10.91392595938712
M1_log10_ElasticNet,M1,['log10_dq_var'],1,ElasticNet,log10,"{""alpha"": 0.01, ""l1_ratio"": 0.2}",10.975765214472315,3.777837722814273,100.05593652455542,10.934488589768037
M1_log10_ElasticNet,M1,['log10_dq_var'],1,ElasticNet,log10,"{""alpha"": 0.01, ""l1_ratio"": 0.8}",11.07145493560225,3.005378164641526,98.89223360425247,11.03079929678607
M1_log10_ElasticNet,M1,['log10_dq_var'],1,ElasticNet,log10,"{""alpha"": 1.0, ""l1_ratio"": 0.2}",19.064456278421762,5.485704014074685,156.5351563753413,18.938384723636158
M1_log10_ElasticNet,M1,['log10_dq_var'],1,ElasticNet,log10,"{""alpha"": 1.0, ""l1_ratio"": 0.8}",19.064456278421762,5.485704014074685,156.5351563753413,18.938384723636158
M1_log10_ElasticNet,M1,['log10_dq_var'],1,ElasticNet,log10,"{""alpha"": 10.0, ""l1_ratio"": 0.2}",19.064456278421762,5.485704014074685,156.5351563753413,18.938384723636158
M1_log10_ElasticNet,M1,['log10_dq_var'],1,ElasticNet,log10,"{""alpha"": 10.0, ""l1_ratio"": 0.8}",19.064456278421762,5.485704014074685,156.5351563753413,18.938384723636158
M1_log10_RandomForest,M1,['log10_dq_var'],1,RandomForest,log10,"{""max_depth"": 2, ""max_features"": 0.7, ""min_samples_leaf"": 3, ""n_estimators"": 100}",8.100103701305375,3.214722250998648,68.116803233129,8.171985352154724
M1_log10_RandomForest,M1,['log10_dq_var'],1,RandomForest,log10,"{""max_depth"": 2, ""max_features"": 0.7, ""min_samples_leaf"": 5, ""n_estimators"": 100}",9.818393602937654,3.8770390146917624,82.43257947411416,9.890099630220273
M1_log10_RandomForest,M1,['log10_dq_var'],1,RandomForest,log10,"{""max_depth"": 2, ""max_features"": 1.0, ""min_samples_leaf"": 3, ""n_estimators"": 100}",8.100103701305375,3.214722250998648,68.116803233129,8.171985352154724
M1_log10_RandomForest,M1,['log10_dq_var'],1,RandomForest,log10,"{""max_depth"": 2, ""max_features"": 1.0, ""min_samples_leaf"": 5, ""n_estimators"": 100}",9.818393602937654,3.8770390146917624,82.43257947411416,9.890099630220273
M1_log10_RandomForest,M1,['log10_dq_var'],1,RandomForest,log10,"{""max_depth"": 3, ""max_features"": 0.7, ""min_samples_leaf"": 3, ""n_estimators"": 100}",8.186772012139063,3.3679960098254327,68.83155624116631,8.264757090833488
M1_log10_RandomForest,M1,['log10_dq_var'],1,RandomForest,log10,"{""max_depth"": 3, ""max_features"": 0.7, ""min_samples_leaf"": 5, ""n_estimators"": 100}",9.81654157900851,3.877352823838516,82.4285011236777,9.888299051400274
M1_log10_RandomForest,M1,['log10_dq_var'],1,RandomForest,log10,"{""max_depth"": 3, ""max_features"": 1.0, ""min_samples_leaf"": 3, ""n_estimators"": 100}",8.186772012139063,3.3679960098254327,68.83155624116631,8.264757090833488
M1_log10_RandomForest,M1,['log10_dq_var'],1,RandomForest,log10,"{""max_depth"": 3, ""max_features"": 1.0, ""min_samples_leaf"": 5, ""n_estimators"": 100}",9.81654157900851,3.877352823838516,82.4285011236777,9.888299051400274
M1_log10_XGBoost,M1,['log10_dq_var'],1,XGBoost,log10,"{""learning_rate"": 0.03, ""max_depth"": 1, ""min_child_weight"": 5, ""n_estimators"": 60, ""reg_lambda"": 10.0}",12.43049487200307,5.647919284505081,104.57420828683034,12.37365128129015
M1_log10_XGBoost,M1,['log10_dq_var'],1,XGBoost,log10,"{""learning_rate"": 0.03, ""max_depth"": 1, ""min_child_weight"": 5, ""n_estimators"": 60, ""reg_lambda"": 30.0}",13.855902027241934,6.28234886316852,115.31435764857702,13.744157789659905
M1_log10_XGBoost,M1,['log10_dq_var'],1,XGBoost,log10,"{""learning_rate"": 0.03, ""max_depth"": 1, ""min_child_weight"": 5, ""n_estimators"": 120, ""reg_lambda"": 10.0}",10.852962610073146,4.769849067589872,90.81687404087612,10.8145259471156
M1_log10_XGBoost,M1,['log10_dq_var'],1,XGBoost,log10,"{""learning_rate"": 0.03, ""max_depth"": 1, ""min_child_weight"": 5, ""n_estimators"": 120, ""reg_lambda"": 30.0}",12.14607169750367,5.660747571275604,102.42925698416573,12.096135972197589
M1_log10_XGBoost,M1,['log10_dq_var'],1,XGBoost,log10,"{""learning_rate"": 0.03, ""max_depth"": 2, ""min_child_weight"": 5, ""n_estimators"": 60, ""reg_lambda"": 10.0}",12.040442731121923,5.292608076006919,101.2093257359096,11.97289452443535
M1_log10_XGBoost,M1,['log10_dq_var'],1,XGBoost,log10,"{""learning_rate"": 0.03, ""max_depth"": 2, ""min_child_weight"": 5, ""n_estimators"": 60, ""reg_lambda"": 30.0}",13.871495389993058,6.064964327434836,115.76243264334543,13.767462699993441
M1_log10_XGBoost,M1,['log10_dq_var'],1,XGBoost,log10,"{""learning_rate"": 0.03, ""max_depth"": 2, ""min_child_weight"": 5, ""n_estimators"": 120, ""reg_lambda"": 10.0}",10.370335206200027,4.5507996424603165,86.24906790597097,10.329076755751538
M1_log10_XGBoost,M1,['log10_dq_var'],1,XGBoost,log10,"{""learning_rate"": 0.03, ""max_depth"": 2, ""min_child_weight"": 5, ""n_estimators"": 120, ""reg_lambda"": 30.0}",11.971960769140832,5.484118654364073,101.17592119489396,11.923046021345428
M1_log10_LightGBM,M1,['log10_dq_var'],1,LightGBM,log10,"{""learning_rate"": 0.03, ""max_depth"": 2, ""min_child_samples"": 5, ""n_estimators"": 60, ""num_leaves"": 3, ""reg_lambda"": 10.0}",12.308369292520467,4.830299086086943,103.11521662110947,12.246987703739272
M1_log10_LightGBM,M1,['log10_dq_var'],1,LightGBM,log10,"{""learning_rate"": 0.03, ""max_depth"": 2, ""min_child_samples"": 5, ""n_estimators"": 60, ""num_leaves"": 4, ""reg_lambda"": 10.0}",12.602219985740145,4.726423054737964,105.3773978192103,12.538473536074344
M1_log10_LightGBM,M1,['log10_dq_var'],1,LightGBM,log10,"{""learning_rate"": 0.03, ""max_depth"": 2, ""min_child_samples"": 5, ""n_estimators"": 120, ""num_leaves"": 3, ""reg_lambda"": 10.0}",11.030310745444845,3.7541017959390586,91.83710092795698,11.023214719688088
M1_log10_LightGBM,M1,['log10_dq_var'],1,LightGBM,log10,"{""learning_rate"": 0.03, ""max_depth"": 2, ""min_child_samples"": 5, ""n_estimators"": 120, ""num_leaves"": 4, ""reg_lambda"": 10.0}",11.060477803305249,3.695661571494122,92.06005253018641,11.046483943695497
M1_log10_LightGBM,M1,['log10_dq_var'],1,LightGBM,log10,"{""learning_rate"": 0.03, ""max_depth"": 2, ""min_child_samples"": 10, ""n_estimators"": 60, ""num_leaves"": 3, ""reg_lambda"": 10.0}",12.285604145341063,5.204491002111996,102.94542938369632,12.214259900771635
M1_log10_LightGBM,M1,['log10_dq_var'],1,LightGBM,log10,"{""learning_rate"": 0.03, ""max_depth"": 2, ""min_child_samples"": 10, ""n_estimators"": 60, ""num_leaves"": 4, ""reg_lambda"": 10.0}",12.285604145341063,5.204491002111996,102.94542938369632,12.214259900771635
M1_log10_LightGBM,M1,['log10_dq_var'],1,LightGBM,log10,"{""learning_rate"": 0.03, ""max_depth"": 2, ""min_child_samples"": 10, ""n_estimators"": 120, ""num_leaves"": 3, ""reg_lambda"": 10.0}",11.825982298178271,4.239864662442676,99.15329249298296,11.801265519087918
M1_log10_LightGBM,M1,['log10_dq_var'],1,LightGBM,log10,"{""learning_rate"": 0.03, ""max_depth"": 2, ""min_child_samples"": 10, ""n_estimators"": 120, ""num_leaves"": 4, ""reg_lambda"": 10.0}",11.825982298178271,4.239864662442676,99.15329249298296,11.801265519087918
M2_raw_Linear,M2,"['log10_dq_var', 'peak_c_rate', 'switch_soc']",3,Linear,raw,{},9.703776031992215,2.0434016503271253,85.26686105178075,9.682486094557783
M2_raw_Ridge,M2,"['log10_dq_var', 'peak_c_rate', 'switch_soc']",3,Ridge,raw,"{""alpha"": 0.01}",9.698391469874416,2.034902751091919,85.22535981989179,9.677326978609988
M2_raw_Ridge,M2,"['log10_dq_var', 'peak_c_rate', 'switch_soc']",3,Ridge,raw,"{""alpha"": 0.1}",9.651621239856679,1.960577450822999,84.86525507766352,9.632476225993775
M2_raw_Ridge,M2,"['log10_dq_var', 'peak_c_rate', 'switch_soc']",3,Ridge,raw,"{""alpha"": 1.0}",9.295684396974305,1.3477479263925194,82.1392175587893,9.2890213163829
M2_raw_Ridge,M2,"['log10_dq_var', 'peak_c_rate', 'switch_soc']",3,Ridge,raw,"{""alpha"": 10.0}",9.745992010825963,1.1570259688430473,82.13166541776235,9.717686812864269
M2_raw_Ridge,M2,"['log10_dq_var', 'peak_c_rate', 'switch_soc']",3,Ridge,raw,"{""alpha"": 100.0}",15.564738319602132,3.4944849628484866,124.14404295673128,15.467442699644707
M2_raw_ElasticNet,M2,"['log10_dq_var', 'peak_c_rate', 'switch_soc']",3,ElasticNet,raw,"{""alpha"": 0.0001, ""l1_ratio"": 0.2}",9.702518170795297,2.041423806126332,85.25716126793886,9.68128049753332
M2_raw_ElasticNet,M2,"['log10_dq_var', 'peak_c_rate', 'switch_soc']",3,ElasticNet,raw,"{""alpha"": 0.0001, ""l1_ratio"": 0.8}",9.703458662212977,2.0428936161219062,85.26442473866415,9.682182623918214
M2_raw_ElasticNet,M2,"['log10_dq_var', 'peak_c_rate', 'switch_soc']",3,ElasticNet,raw,"{""alpha"": 0.01, ""l1_ratio"": 0.2}",9.587545960899417,1.8573384313718357,84.37264301742712,9.570893172121838
M2_raw_ElasticNet,M2,"['log10_dq_var', 'peak_c_rate', 'switch_soc']",3,ElasticNet,raw,"{""alpha"": 0.01, ""l1_ratio"": 0.8}",9.672689223320912,1.993459639725084,85.02836424985891,9.652745615848486
M2_raw_ElasticNet,M2,"['log10_dq_var', 'peak_c_rate', 'switch_soc']",3,ElasticNet,raw,"{""alpha"": 1.0, ""l1_ratio"": 0.2}",11.107104878274813,1.4823466343207012,89.05998669784636,11.057733625482104
M2_raw_ElasticNet,M2,"['log10_dq_var', 'peak_c_rate', 'switch_soc']",3,ElasticNet,raw,"{""alpha"": 1.0, ""l1_ratio"": 0.8}",9.285143669536376,0.9852488638385215,80.1786176072446,9.27537935566268
M2_raw_ElasticNet,M2,"['log10_dq_var', 'peak_c_rate', 'switch_soc']",3,ElasticNet,raw,"{""alpha"": 10.0, ""l1_ratio"": 0.2}",17.400193305600336,4.604581673439109,139.12773441724605,17.288032113807933
M2_raw_ElasticNet,M2,"['log10_dq_var', 'peak_c_rate', 'switch_soc']",3,ElasticNet,raw,"{""alpha"": 10.0, ""l1_ratio"": 0.8}",14.201532646759556,2.769358658514286,113.07381325075684,14.116871135328072
M2_raw_RandomForest,M2,"['log10_dq_var', 'peak_c_rate', 'switch_soc']",3,RandomForest,raw,"{""max_depth"": 2, ""max_features"": 0.7, ""min_samples_leaf"": 3, ""n_estimators"": 100}",10.106034432603968,3.961374389589637,83.04825484539296,10.110540895413948
M2_raw_RandomForest,M2,"['log10_dq_var', 'peak_c_rate', 'switch_soc']",3,RandomForest,raw,"{""max_depth"": 2, ""max_features"": 0.7, ""min_samples_leaf"": 5, ""n_estimators"": 100}",11.047739502400459,4.048776825649936,92.20355354332574,11.061231933846994
M2_raw_RandomForest,M2,"['log10_dq_var', 'peak_c_rate', 'switch_soc']",3,RandomForest,raw,"{""max_depth"": 2, ""max_features"": 1.0, ""min_samples_leaf"": 3, ""n_estimators"": 100}",8.81692540957277,3.4793660795182197,72.72727462601594,8.878933808428746
M2_raw_RandomForest,M2,"['log10_dq_var', 'peak_c_rate', 'switch_soc']",3,RandomForest,raw,"{""max_depth"": 2, ""max_features"": 1.0, ""min_samples_leaf"": 5, ""n_estimators"": 100}",10.08423379100085,3.848189829597643,83.97047022432409,10.161568052480458
M2_raw_RandomForest,M2,"['log10_dq_var', 'peak_c_rate', 'switch_soc']",3,RandomForest,raw,"{""max_depth"": 3, ""max_features"": 0.7, ""min_samples_leaf"": 3, ""n_estimators"": 100}",9.644534792520497,3.888654774078983,79.55888162967982,9.668992755231047
M2_raw_RandomForest,M2,"['log10_dq_var', 'peak_c_rate', 'switch_soc']",3,RandomForest,raw,"{""max_depth"": 3, ""max_features"": 0.7, ""min_samples_leaf"": 5, ""n_estimators"": 100}",11.0104306881392,4.0689149406988925,91.92401582273637,11.024969957415626
M2_raw_RandomForest,M2,"['log10_dq_var', 'peak_c_rate', 'switch_soc']",3,RandomForest,raw,"{""max_depth"": 3, ""max_features"": 1.0, ""min_samples_leaf"": 3, ""n_estimators"": 100}",8.702690213839599,4.114266418351983,72.1609795529867,8.7755619045959
M2_raw_RandomForest,M2,"['log10_dq_var', 'peak_c_rate', 'switch_soc']",3,RandomForest,raw,"{""max_depth"": 3, ""max_features"": 1.0, ""min_samples_leaf"": 5, ""n_estimators"": 100}",10.076410347265092,3.851656184125271,83.92333321186172,10.153687436776087
M2_raw_XGBoost,M2,"['log10_dq_var', 'peak_c_rate', 'switch_soc']",3,XGBoost,raw,"{""learning_rate"": 0.03, ""max_depth"": 1, ""min_child_weight"": 5, ""n_estimators"": 60, ""reg_lambda"": 10.0}",12.924072910918193,5.530744346779579,105.89805908203125,12.857403930326722
M2_raw_XGBoost,M2,"['log10_dq_var', 'peak_c_rate', 'switch_soc']",3,XGBoost,raw,"{""learning_rate"": 0.03, ""max_depth"": 1, ""min_child_weight"": 5, ""n_estimators"": 60, ""reg_lambda"": 30.0}",14.667296720875985,6.123656553598969,119.11715523856026,14.573350215028185
M2_raw_XGBoost,M2,"['log10_dq_var', 'peak_c_rate', 'switch_soc']",3,XGBoost,raw,"{""learning_rate"": 0.03, ""max_depth"": 1, ""min_child_weight"": 5, ""n_estimators"": 120, ""reg_lambda"": 10.0}",10.774430353417568,4.837179873488455,88.41930084228515,10.728690626325449
M2_raw_XGBoost,M2,"['log10_dq_var', 'peak_c_rate', 'switch_soc']",3,XGBoost,raw,"{""learning_rate"": 0.03, ""max_depth"": 1, ""min_child_weight"": 5, ""n_estimators"": 120, ""reg_lambda"": 30.0}",12.626898782662746,5.52361371314634,104.06609758649554,12.574466730649863
M2_raw_XGBoost,M2,"['log10_dq_var', 'peak_c_rate', 'switch_soc']",3,XGBoost,raw,"{""learning_rate"": 0.03, ""max_depth"": 2, ""min_child_weight"": 5, ""n_estimators"": 60, ""reg_lambda"": 10.0}",12.06117265729951,5.383202068209321,99.08479134695871,11.985457245329338
M2_raw_XGBoost,M2,"['log10_dq_var', 'peak_c_rate', 'switch_soc']",3,XGBoost,raw,"{""learning_rate"": 0.03, ""max_depth"": 2, ""min_child_weight"": 5, ""n_estimators"": 60, ""reg_lambda"": 30.0}",14.412109670062312,5.972462223793605,117.49069519042969,14.320846757406674
M2_raw_XGBoost,M2,"['log10_dq_var', 'peak_c_rate', 'switch_soc']",3,XGBoost,raw,"{""learning_rate"": 0.03, ""max_depth"": 2, ""min_child_weight"": 5, ""n_estimators"": 120, ""reg_lambda"": 10.0}",10.727103402801193,5.0698643245989485,87.27004263741631,10.675181055883517
M2_raw_XGBoost,M2,"['log10_dq_var', 'peak_c_rate', 'switch_soc']",3,XGBoost,raw,"{""learning_rate"": 0.03, ""max_depth"": 2, ""min_child_weight"": 5, ""n_estimators"": 120, ""reg_lambda"": 30.0}",12.169455064004183,5.458064600657463,100.74606584821429,12.11506628346953
M2_raw_LightGBM,M2,"['log10_dq_var', 'peak_c_rate', 'switch_soc']",3,LightGBM,raw,"{""learning_rate"": 0.03, ""max_depth"": 2, ""min_child_samples"": 5, ""n_estimators"": 60, ""num_leaves"": 3, ""reg_lambda"": 10.0}",12.700774710795647,4.965725376652645,103.81690020476023,12.651831376744049
M2_raw_LightGBM,M2,"['log10_dq_var', 'peak_c_rate', 'switch_soc']",3,LightGBM,raw,"{""learning_rate"": 0.03, ""max_depth"": 2, ""min_child_samples"": 5, ""n_estimators"": 60, ""num_leaves"": 4, ""reg_lambda"": 10.0}",12.819084957290618,5.039883562177067,104.4045776397555,12.766855227503052
M2_raw_LightGBM,M2,"['log10_dq_var', 'peak_c_rate', 'switch_soc']",3,LightGBM,raw,"{""learning_rate"": 0.03, ""max_depth"": 2, ""min_child_samples"": 5, ""n_estimators"": 120, ""num_leaves"": 3, ""reg_lambda"": 10.0}",11.083806485026804,4.03759136078928,90.22250519437064,11.07824862241975
M2_raw_LightGBM,M2,"['log10_dq_var', 'peak_c_rate', 'switch_soc']",3,LightGBM,raw,"{""learning_rate"": 0.03, ""max_depth"": 2, ""min_child_samples"": 5, ""n_estimators"": 120, ""num_leaves"": 4, ""reg_lambda"": 10.0}",11.23147437069635,4.152491464310086,91.19750368348643,11.22081778077114
M2_raw_LightGBM,M2,"['log10_dq_var', 'peak_c_rate', 'switch_soc']",3,LightGBM,raw,"{""learning_rate"": 0.03, ""max_depth"": 2, ""min_child_samples"": 10, ""n_estimators"": 60, ""num_leaves"": 3, ""reg_lambda"": 10.0}",12.968473175747175,5.179833131609776,106.22070623200852,12.901770620500717
M2_raw_LightGBM,M2,"['log10_dq_var', 'peak_c_rate', 'switch_soc']",3,LightGBM,raw,"{""learning_rate"": 0.03, ""max_depth"": 2, ""min_child_samples"": 10, ""n_estimators"": 60, ""num_leaves"": 4, ""reg_lambda"": 10.0}",12.968473175747175,5.179833131609776,106.22070623200852,12.901770620500717
M2_raw_LightGBM,M2,"['log10_dq_var', 'peak_c_rate', 'switch_soc']",3,LightGBM,raw,"{""learning_rate"": 0.03, ""max_depth"": 2, ""min_child_samples"": 10, ""n_estimators"": 120, ""num_leaves"": 3, ""reg_lambda"": 10.0}",12.004731030742473,4.4906152407171245,99.52034043601905,11.980053673443198
M2_raw_LightGBM,M2,"['log10_dq_var', 'peak_c_rate', 'switch_soc']",3,LightGBM,raw,"{""learning_rate"": 0.03, ""max_depth"": 2, ""min_child_samples"": 10, ""n_estimators"": 120, ""num_leaves"": 4, ""reg_lambda"": 10.0}",12.004731030742473,4.4906152407171245,99.52034043601905,11.980053673443198
M2_log10_Linear,M2,"['log10_dq_var', 'peak_c_rate', 'switch_soc']",3,Linear,log10,{},10.003762254263266,3.044307872760344,92.34646441823692,9.949906838757222
M2_log10_Ridge,M2,"['log10_dq_var', 'peak_c_rate', 'switch_soc']",3,Ridge,log10,"{""alpha"": 0.01}",10.0020219534403,3.042593700916064,92.32822631703533,9.948477174163347
M2_log10_Ridge,M2,"['log10_dq_var', 'peak_c_rate', 'switch_soc']",3,Ridge,log10,"{""alpha"": 0.1}",9.986861872529378,3.028898293436301,92.16706190365531,9.935937189336055
M2_log10_Ridge,M2,"['log10_dq_var', 'peak_c_rate', 'switch_soc']",3,Ridge,log10,"{""alpha"": 1.0}",9.893580589080553,2.954069601316928,90.93367379314927,9.857743888442453
M2_log10_Ridge,M2,"['log10_dq_var', 'peak_c_rate', 'switch_soc']",3,Ridge,log10,"{""alpha"": 10.0}",10.699758677394039,1.7249101495203687,92.55808406768215,10.651586507736303
M2_log10_Ridge,M2,"['log10_dq_var', 'peak_c_rate', 'switch_soc']",3,Ridge,log10,"{""alpha"": 100.0}",15.446373048098986,3.2156613130189173,126.34924820968301,15.350262939259176
M2_log10_ElasticNet,M2,"['log10_dq_var', 'peak_c_rate', 'switch_soc']",3,ElasticNet,log10,"{""alpha"": 0.0001, ""l1_ratio"": 0.2}",10.004982388713014,3.0444456290138215,92.35719847601149,9.951505508443462
M2_log10_ElasticNet,M2,"['log10_dq_var', 'peak_c_rate', 'switch_soc']",3,ElasticNet,log10,"{""alpha"": 0.0001, ""l1_ratio"": 0.8}",10.010215755506497,3.0464973027761655,92.40573800220832,9.95760862178899
M2_log10_ElasticNet,M2,"['log10_dq_var', 'peak_c_rate', 'switch_soc']",3,ElasticNet,log10,"{""alpha"": 0.01, ""l1_ratio"": 0.2}",10.160535326786718,3.2159600274933298,93.55704463101718,10.13777413220812
M2_log10_ElasticNet,M2,"['log10_dq_var', 'peak_c_rate', 'switch_soc']",3,ElasticNet,log10,"{""alpha"": 0.01, ""l1_ratio"": 0.8}",11.240097474519846,2.9164466307638097,100.4723058474839,11.204347800064953
M2_log10_ElasticNet,M2,"['log10_dq_var', 'peak_c_rate', 'switch_soc']",3,ElasticNet,log10,"{""alpha"": 1.0, ""l1_ratio"": 0.2}",19.064456278421762,5.485704014074685,156.5351563753413,18.938384723636158
M2_log10_ElasticNet,M2,"['log10_dq_var', 'peak_c_rate', 'switch_soc']",3,ElasticNet,log10,"{""alpha"": 1.0, ""l1_ratio"": 0.8}",19.064456278421762,5.485704014074685,156.5351563753413,18.938384723636158
M2_log10_ElasticNet,M2,"['log10_dq_var', 'peak_c_rate', 'switch_soc']",3,ElasticNet,log10,"{""alpha"": 10.0, ""l1_ratio"": 0.2}",19.064456278421762,5.485704014074685,156.5351563753413,18.938384723636158
M2_log10_ElasticNet,M2,"['log10_dq_var', 'peak_c_rate', 'switch_soc']",3,ElasticNet,log10,"{""alpha"": 10.0, ""l1_ratio"": 0.8}",19.064456278421762,5.485704014074685,156.5351563753413,18.938384723636158
M2_log10_RandomForest,M2,"['log10_dq_var', 'peak_c_rate', 'switch_soc']",3,RandomForest,log10,"{""max_depth"": 2, ""max_features"": 0.7, ""min_samples_leaf"": 3, ""n_estimators"": 100}",9.776694114391201,3.795014045256391,82.9127252074684,9.778708301564782
M2_log10_RandomForest,M2,"['log10_dq_var', 'peak_c_rate', 'switch_soc']",3,RandomForest,log10,"{""max_depth"": 2, ""max_features"": 0.7, ""min_samples_leaf"": 5, ""n_estimators"": 100}",10.809441783385102,3.914383850656196,91.9668451917261,10.820061769500814
M2_log10_RandomForest,M2,"['log10_dq_var', 'peak_c_rate', 'switch_soc']",3,RandomForest,log10,"{""max_depth"": 2, ""max_features"": 1.0, ""min_samples_leaf"": 3, ""n_estimators"": 100}",8.328432832346959,3.6689889186807862,69.67130523752702,8.393169798790364
M2_log10_RandomForest,M2,"['log10_dq_var', 'peak_c_rate', 'switch_soc']",3,RandomForest,log10,"{""max_depth"": 2, ""max_features"": 1.0, ""min_samples_leaf"": 5, ""n_estimators"": 100}",9.899015393635853,3.926225958326967,83.24122858828014,9.968749417546006
M2_log10_RandomForest,M2,"['log10_dq_var', 'peak_c_rate', 'switch_soc']",3,RandomForest,log10,"{""max_depth"": 3, ""max_features"": 0.7, ""min_samples_leaf"": 3, ""n_estimators"": 100}",9.453797525329392,3.8904396044881318,79.76441949395601,9.476100902067802
M2_log10_RandomForest,M2,"['log10_dq_var', 'peak_c_rate', 'switch_soc']",3,RandomForest,log10,"{""max_depth"": 3, ""max_features"": 0.7, ""min_samples_leaf"": 5, ""n_estimators"": 100}",10.797390693436359,3.896457342388543,91.87419097282324,10.808345432050647
M2_log10_RandomForest,M2,"['log10_dq_var', 'peak_c_rate', 'switch_soc']",3,RandomForest,log10,"{""max_depth"": 3, ""max_features"": 1.0, ""min_samples_leaf"": 3, ""n_estimators"": 100}",8.447345787789995,3.9578390264242507,70.60411285381531,8.520118085324995
M2_log10_RandomForest,M2,"['log10_dq_var', 'peak_c_rate', 'switch_soc']",3,RandomForest,log10,"{""max_depth"": 3, ""max_features"": 1.0, ""min_samples_leaf"": 5, ""n_estimators"": 100}",9.897182025760381,3.9263705688634336,83.23729771716859,9.966966976555963
M2_log10_XGBoost,M2,"['log10_dq_var', 'peak_c_rate', 'switch_soc']",3,XGBoost,log10,"{""learning_rate"": 0.03, ""max_depth"": 1, ""min_child_weight"": 5, ""n_estimators"": 60, ""reg_lambda"": 10.0}",12.43049487200307,5.647919284505081,104.57420828683034,12.37365128129015
M2_log10_XGBoost,M2,"['log10_dq_var', 'peak_c_rate', 'switch_soc']",3,XGBoost,log10,"{""learning_rate"": 0.03, ""max_depth"": 1, ""min_child_weight"": 5, ""n_estimators"": 60, ""reg_lambda"": 30.0}",13.855902027241934,6.28234886316852,115.31435764857702,13.744157789659905
M2_log10_XGBoost,M2,"['log10_dq_var', 'peak_c_rate', 'switch_soc']",3,XGBoost,log10,"{""learning_rate"": 0.03, ""max_depth"": 1, ""min_child_weight"": 5, ""n_estimators"": 120, ""reg_lambda"": 10.0}",10.851458864025712,4.766501018488463,90.76535862513951,10.813063971791708
M2_log10_XGBoost,M2,"['log10_dq_var', 'peak_c_rate', 'switch_soc']",3,XGBoost,log10,"{""learning_rate"": 0.03, ""max_depth"": 1, ""min_child_weight"": 5, ""n_estimators"": 120, ""reg_lambda"": 30.0}",12.14607169750367,5.660747571275604,102.42925698416573,12.096135972197589
M2_log10_XGBoost,M2,"['log10_dq_var', 'peak_c_rate', 'switch_soc']",3,XGBoost,log10,"{""learning_rate"": 0.03, ""max_depth"": 2, ""min_child_weight"": 5, ""n_estimators"": 60, ""reg_lambda"": 10.0}",12.102355564332276,5.430088270506574,101.54750235421318,12.033087556723194
M2_log10_XGBoost,M2,"['log10_dq_var', 'peak_c_rate', 'switch_soc']",3,XGBoost,log10,"{""learning_rate"": 0.03, ""max_depth"": 2, ""min_child_weight"": 5, ""n_estimators"": 60, ""reg_lambda"": 30.0}",13.871495389993058,6.064964327434836,115.76243264334543,13.767462699993441
M2_log10_XGBoost,M2,"['log10_dq_var', 'peak_c_rate', 'switch_soc']",3,XGBoost,log10,"{""learning_rate"": 0.03, ""max_depth"": 2, ""min_child_weight"": 5, ""n_estimators"": 120, ""reg_lambda"": 10.0}",10.719375611064303,5.198935869752186,88.36395045689173,10.669769481996026
M2_log10_XGBoost,M2,"['log10_dq_var', 'peak_c_rate', 'switch_soc']",3,XGBoost,log10,"{""learning_rate"": 0.03, ""max_depth"": 2, ""min_child_weight"": 5, ""n_estimators"": 120, ""reg_lambda"": 30.0}",11.971960769140832,5.484118654364073,101.17592119489396,11.923046021345428
M2_log10_LightGBM,M2,"['log10_dq_var', 'peak_c_rate', 'switch_soc']",3,LightGBM,log10,"{""learning_rate"": 0.03, ""max_depth"": 2, ""min_child_samples"": 5, ""n_estimators"": 60, ""num_leaves"": 3, ""reg_lambda"": 10.0}",12.381812753155064,5.021471846142375,103.5599336308409,12.318111210475553
M2_log10_LightGBM,M2,"['log10_dq_var', 'peak_c_rate', 'switch_soc']",3,LightGBM,log10,"{""learning_rate"": 0.03, ""max_depth"": 2, ""min_child_samples"": 5, ""n_estimators"": 60, ""num_leaves"": 4, ""reg_lambda"": 10.0}",12.725563853638672,5.025934775056,105.91755512630911,12.657805543553339
M2_log10_LightGBM,M2,"['log10_dq_var', 'peak_c_rate', 'switch_soc']",3,LightGBM,log10,"{""learning_rate"": 0.03, ""max_depth"": 2, ""min_child_samples"": 5, ""n_estimators"": 120, ""num_leaves"": 3, ""reg_lambda"": 10.0}",11.03444059265741,3.8467080938844656,91.42450205409035,11.02782949473457
M2_log10_LightGBM,M2,"['log10_dq_var', 'peak_c_rate', 'switch_soc']",3,LightGBM,log10,"{""learning_rate"": 0.03, ""max_depth"": 2, ""min_child_samples"": 5, ""n_estimators"": 120, ""num_leaves"": 4, ""reg_lambda"": 10.0}",11.33004869313908,4.243106422424139,93.58550156703004,11.314718730937305
M2_log10_LightGBM,M2,"['log10_dq_var', 'peak_c_rate', 'switch_soc']",3,LightGBM,log10,"{""learning_rate"": 0.03, ""max_depth"": 2, ""min_child_samples"": 10, ""n_estimators"": 60, ""num_leaves"": 3, ""reg_lambda"": 10.0}",12.285604145341063,5.204491002111996,102.94542938369632,12.214259900771635
M2_log10_LightGBM,M2,"['log10_dq_var', 'peak_c_rate', 'switch_soc']",3,LightGBM,log10,"{""learning_rate"": 0.03, ""max_depth"": 2, ""min_child_samples"": 10, ""n_estimators"": 60, ""num_leaves"": 4, ""reg_lambda"": 10.0}",12.285604145341063,5.204491002111996,102.94542938369632,12.214259900771635
M2_log10_LightGBM,M2,"['log10_dq_var', 'peak_c_rate', 'switch_soc']",3,LightGBM,log10,"{""learning_rate"": 0.03, ""max_depth"": 2, ""min_child_samples"": 10, ""n_estimators"": 120, ""num_leaves"": 3, ""reg_lambda"": 10.0}",11.82573313972887,4.239930060946939,99.17251061943655,11.80098867636636
M2_log10_LightGBM,M2,"['log10_dq_var', 'peak_c_rate', 'switch_soc']",3,LightGBM,log10,"{""learning_rate"": 0.03, ""max_depth"": 2, ""min_child_samples"": 10, ""n_estimators"": 120, ""num_leaves"": 4, ""reg_lambda"": 10.0}",11.82573313972887,4.239930060946939,99.17251061943655,11.80098867636636
M3_raw_Linear,M3,"['log10_dq_var', 'peak_c_rate', 'switch_soc', 'qd_initial_median', 'qd_slope_10_100']",5,Linear,raw,{},8.344340273335012,1.7037350718172548,74.93062782423038,8.291001367017142
M3_raw_Ridge,M3,"['log10_dq_var', 'peak_c_rate', 'switch_soc', 'qd_initial_median', 'qd_slope_10_100']",5,Ridge,raw,"{""alpha"": 0.01}",8.341294782041299,1.699151230841698,74.89425439990558,8.288122698739574
M3_raw_Ridge,M3,"['log10_dq_var', 'peak_c_rate', 'switch_soc', 'qd_initial_median', 'qd_slope_10_100']",5,Ridge,raw,"{""alpha"": 0.1}",8.315207678633818,1.661244102650084,74.58021136096718,8.263473103195736
M3_raw_Ridge,M3,"['log10_dq_var', 'peak_c_rate', 'switch_soc', 'qd_initial_median', 'qd_slope_10_100']",5,Ridge,raw,"{""alpha"": 1.0}",8.134262832208663,1.4726044767473419,72.28067191909432,8.09306772736515
M3_raw_Ridge,M3,"['log10_dq_var', 'peak_c_rate', 'switch_soc', 'qd_initial_median', 'qd_slope_10_100']",5,Ridge,raw,"{""alpha"": 10.0}",8.960231890720879,1.8068405911988168,74.96318737540116,8.941140366704515
M3_raw_Ridge,M3,"['log10_dq_var', 'peak_c_rate', 'switch_soc', 'qd_initial_median', 'qd_slope_10_100']",5,Ridge,raw,"{""alpha"": 100.0}",14.274894636905552,2.0660786609785213,116.25186775218307,14.205170247517895
M3_raw_ElasticNet,M3,"['log10_dq_var', 'peak_c_rate', 'switch_soc', 'qd_initial_median', 'qd_slope_10_100']",5,ElasticNet,raw,"{""alpha"": 0.0001, ""l1_ratio"": 0.2}",8.343627692112394,1.7026696386565257,74.92213401307711,8.290327317037184
M3_raw_ElasticNet,M3,"['log10_dq_var', 'peak_c_rate', 'switch_soc', 'qd_initial_median', 'qd_slope_10_100']",5,ElasticNet,raw,"{""alpha"": 0.0001, ""l1_ratio"": 0.8}",8.344167580940534,1.7034623088553242,74.92851845254812,8.290839145457515
M3_raw_ElasticNet,M3,"['log10_dq_var', 'peak_c_rate', 'switch_soc', 'qd_initial_median', 'qd_slope_10_100']",5,ElasticNet,raw,"{""alpha"": 0.01, ""l1_ratio"": 0.2}",8.280442549724556,1.6155294165443679,74.15562105780319,8.230609376045148
M3_raw_ElasticNet,M3,"['log10_dq_var', 'peak_c_rate', 'switch_soc', 'qd_initial_median', 'qd_slope_10_100']",5,ElasticNet,raw,"{""alpha"": 0.01, ""l1_ratio"": 0.8}",8.327573853011959,1.6778640677358305,74.72474877498883,8.27525485705317
M3_raw_ElasticNet,M3,"['log10_dq_var', 'peak_c_rate', 'switch_soc', 'qd_initial_median', 'qd_slope_10_100']",5,ElasticNet,raw,"{""alpha"": 1.0, ""l1_ratio"": 0.2}",9.778798743382008,3.16144708884515,80.04687960987928,9.766361977615759
M3_raw_ElasticNet,M3,"['log10_dq_var', 'peak_c_rate', 'switch_soc', 'qd_initial_median', 'qd_slope_10_100']",5,ElasticNet,raw,"{""alpha"": 1.0, ""l1_ratio"": 0.8}",8.63176844202887,1.2646070440886956,73.37595828248782,8.606061350084643
M3_raw_ElasticNet,M3,"['log10_dq_var', 'peak_c_rate', 'switch_soc', 'qd_initial_median', 'qd_slope_10_100']",5,ElasticNet,raw,"{""alpha"": 10.0, ""l1_ratio"": 0.2}",16.619487214811716,3.5030549659393624,134.17356360883147,16.52437967285599
M3_raw_ElasticNet,M3,"['log10_dq_var', 'peak_c_rate', 'switch_soc', 'qd_initial_median', 'qd_slope_10_100']",5,ElasticNet,raw,"{""alpha"": 10.0, ""l1_ratio"": 0.8}",12.850896123197293,1.969940221577757,104.9807879097264,12.797673379519555
M3_raw_RandomForest,M3,"['log10_dq_var', 'peak_c_rate', 'switch_soc', 'qd_initial_median', 'qd_slope_10_100']",5,RandomForest,raw,"{""max_depth"": 2, ""max_features"": 0.7, ""min_samples_leaf"": 3, ""n_estimators"": 100}",10.535773932689889,3.567120386081057,86.59695350228779,10.529782228234675
M3_raw_RandomForest,M3,"['log10_dq_var', 'peak_c_rate', 'switch_soc', 'qd_initial_median', 'qd_slope_10_100']",5,RandomForest,raw,"{""max_depth"": 2, ""max_features"": 0.7, ""min_samples_leaf"": 5, ""n_estimators"": 100}",11.6383341668999,3.9175935457789652,96.43761314625974,11.65167041178811
M3_raw_RandomForest,M3,"['log10_dq_var', 'peak_c_rate', 'switch_soc', 'qd_initial_median', 'qd_slope_10_100']",5,RandomForest,raw,"{""max_depth"": 2, ""max_features"": 1.0, ""min_samples_leaf"": 3, ""n_estimators"": 100}",9.033523661074579,3.1964594108616313,74.7502788043073,9.084819341936528
M3_raw_RandomForest,M3,"['log10_dq_var', 'peak_c_rate', 'switch_soc', 'qd_initial_median', 'qd_slope_10_100']",5,RandomForest,raw,"{""max_depth"": 2, ""max_features"": 1.0, ""min_samples_leaf"": 5, ""n_estimators"": 100}",10.295624840568319,3.6878365498177668,85.78642661664209,10.364242528702091
M3_raw_RandomForest,M3,"['log10_dq_var', 'peak_c_rate', 'switch_soc', 'qd_initial_median', 'qd_slope_10_100']",5,RandomForest,raw,"{""max_depth"": 3, ""max_features"": 0.7, ""min_samples_leaf"": 3, ""n_estimators"": 100}",9.890783992897866,3.6410630850437773,81.53698684767616,9.899375976449026
M3_raw_RandomForest,M3,"['log10_dq_var', 'peak_c_rate', 'switch_soc', 'qd_initial_median', 'qd_slope_10_100']",5,RandomForest,raw,"{""max_depth"": 3, ""max_features"": 0.7, ""min_samples_leaf"": 5, ""n_estimators"": 100}",11.639240398962778,3.900574281317057,96.48346346412002,11.65341799622977
M3_raw_RandomForest,M3,"['log10_dq_var', 'peak_c_rate', 'switch_soc', 'qd_initial_median', 'qd_slope_10_100']",5,RandomForest,raw,"{""max_depth"": 3, ""max_features"": 1.0, ""min_samples_leaf"": 3, ""n_estimators"": 100}",8.921650886943945,3.71324024728655,74.14147038348558,8.973440214195143
M3_raw_RandomForest,M3,"['log10_dq_var', 'peak_c_rate', 'switch_soc', 'qd_initial_median', 'qd_slope_10_100']",5,RandomForest,raw,"{""max_depth"": 3, ""max_features"": 1.0, ""min_samples_leaf"": 5, ""n_estimators"": 100}",10.293580102485214,3.683080695243574,85.77346817560831,10.361894787040002
M3_raw_XGBoost,M3,"['log10_dq_var', 'peak_c_rate', 'switch_soc', 'qd_initial_median', 'qd_slope_10_100']",5,XGBoost,raw,"{""learning_rate"": 0.03, ""max_depth"": 1, ""min_child_weight"": 5, ""n_estimators"": 60, ""reg_lambda"": 10.0}",12.924072910918193,5.530744346779579,105.89805908203125,12.857403930326722
M3_raw_XGBoost,M3,"['log10_dq_var', 'peak_c_rate', 'switch_soc', 'qd_initial_median', 'qd_slope_10_100']",5,XGBoost,raw,"{""learning_rate"": 0.03, ""max_depth"": 1, ""min_child_weight"": 5, ""n_estimators"": 60, ""reg_lambda"": 30.0}",14.667296720875985,6.123656553598969,119.11715523856026,14.573350215028185
M3_raw_XGBoost,M3,"['log10_dq_var', 'peak_c_rate', 'switch_soc', 'qd_initial_median', 'qd_slope_10_100']",5,XGBoost,raw,"{""learning_rate"": 0.03, ""max_depth"": 1, ""min_child_weight"": 5, ""n_estimators"": 120, ""reg_lambda"": 10.0}",10.846920574168864,4.801847935746022,88.90868072509765,10.799167229833651
M3_raw_XGBoost,M3,"['log10_dq_var', 'peak_c_rate', 'switch_soc', 'qd_initial_median', 'qd_slope_10_100']",5,XGBoost,raw,"{""learning_rate"": 0.03, ""max_depth"": 1, ""min_child_weight"": 5, ""n_estimators"": 120, ""reg_lambda"": 30.0}",12.626898782662746,5.52361371314634,104.06609758649554,12.574466730649863
M3_raw_XGBoost,M3,"['log10_dq_var', 'peak_c_rate', 'switch_soc', 'qd_initial_median', 'qd_slope_10_100']",5,XGBoost,raw,"{""learning_rate"": 0.03, ""max_depth"": 2, ""min_child_weight"": 5, ""n_estimators"": 60, ""reg_lambda"": 10.0}",12.190586711225482,5.474112533932689,100.65687909807477,12.111276464424028
M3_raw_XGBoost,M3,"['log10_dq_var', 'peak_c_rate', 'switch_soc', 'qd_initial_median', 'qd_slope_10_100']",5,XGBoost,raw,"{""learning_rate"": 0.03, ""max_depth"": 2, ""min_child_weight"": 5, ""n_estimators"": 60, ""reg_lambda"": 30.0}",14.458234971804993,6.072903400779986,118.19031328473773,14.365690800767611
M3_raw_XGBoost,M3,"['log10_dq_var', 'peak_c_rate', 'switch_soc', 'qd_initial_median', 'qd_slope_10_100']",5,XGBoost,raw,"{""learning_rate"": 0.03, ""max_depth"": 2, ""min_child_weight"": 5, ""n_estimators"": 120, ""reg_lambda"": 10.0}",11.05647838854318,4.73452894979563,91.04741908482143,10.993014815058007
M3_raw_XGBoost,M3,"['log10_dq_var', 'peak_c_rate', 'switch_soc', 'qd_initial_median', 'qd_slope_10_100']",5,XGBoost,raw,"{""learning_rate"": 0.03, ""max_depth"": 2, ""min_child_weight"": 5, ""n_estimators"": 120, ""reg_lambda"": 30.0}",12.398576298411758,5.586325799316586,103.64016287667411,12.337823039143556
M3_raw_LightGBM,M3,"['log10_dq_var', 'peak_c_rate', 'switch_soc', 'qd_initial_median', 'qd_slope_10_100']",5,LightGBM,raw,"{""learning_rate"": 0.03, ""max_depth"": 2, ""min_child_samples"": 5, ""n_estimators"": 60, ""num_leaves"": 3, ""reg_lambda"": 10.0}",12.847460093323368,5.402592070772322,105.9992278210226,12.79444216531267
M3_raw_LightGBM,M3,"['log10_dq_var', 'peak_c_rate', 'switch_soc', 'qd_initial_median', 'qd_slope_10_100']",5,LightGBM,raw,"{""learning_rate"": 0.03, ""max_depth"": 2, ""min_child_samples"": 5, ""n_estimators"": 60, ""num_leaves"": 4, ""reg_lambda"": 10.0}",13.107317516469465,5.6209660849567955,108.77729624685053,13.047081326704706
M3_raw_LightGBM,M3,"['log10_dq_var', 'peak_c_rate', 'switch_soc', 'qd_initial_median', 'qd_slope_10_100']",5,LightGBM,raw,"{""learning_rate"": 0.03, ""max_depth"": 2, ""min_child_samples"": 5, ""n_estimators"": 120, ""num_leaves"": 3, ""reg_lambda"": 10.0}",11.275656028959553,4.488690992984093,93.8400414463078,11.254400101188471
M3_raw_LightGBM,M3,"['log10_dq_var', 'peak_c_rate', 'switch_soc', 'qd_initial_median', 'qd_slope_10_100']",5,LightGBM,raw,"{""learning_rate"": 0.03, ""max_depth"": 2, ""min_child_samples"": 5, ""n_estimators"": 120, ""num_leaves"": 4, ""reg_lambda"": 10.0}",11.48779285984164,4.512873737813385,95.94429735474269,11.460348972198336
M3_raw_LightGBM,M3,"['log10_dq_var', 'peak_c_rate', 'switch_soc', 'qd_initial_median', 'qd_slope_10_100']",5,LightGBM,raw,"{""learning_rate"": 0.03, ""max_depth"": 2, ""min_child_samples"": 10, ""n_estimators"": 60, ""num_leaves"": 3, ""reg_lambda"": 10.0}",12.968473175747175,5.179833131609776,106.22070623200852,12.901770620500717
M3_raw_LightGBM,M3,"['log10_dq_var', 'peak_c_rate', 'switch_soc', 'qd_initial_median', 'qd_slope_10_100']",5,LightGBM,raw,"{""learning_rate"": 0.03, ""max_depth"": 2, ""min_child_samples"": 10, ""n_estimators"": 60, ""num_leaves"": 4, ""reg_lambda"": 10.0}",12.968473175747175,5.179833131609776,106.22070623200852,12.901770620500717
M3_raw_LightGBM,M3,"['log10_dq_var', 'peak_c_rate', 'switch_soc', 'qd_initial_median', 'qd_slope_10_100']",5,LightGBM,raw,"{""learning_rate"": 0.03, ""max_depth"": 2, ""min_child_samples"": 10, ""n_estimators"": 120, ""num_leaves"": 3, ""reg_lambda"": 10.0}",11.956842930730192,4.474241016871289,99.04095794175261,11.927059158821438
M3_raw_LightGBM,M3,"['log10_dq_var', 'peak_c_rate', 'switch_soc', 'qd_initial_median', 'qd_slope_10_100']",5,LightGBM,raw,"{""learning_rate"": 0.03, ""max_depth"": 2, ""min_child_samples"": 10, ""n_estimators"": 120, ""num_leaves"": 4, ""reg_lambda"": 10.0}",11.956842930730192,4.474241016871289,99.04095794175261,11.927059158821438
M3_log10_Linear,M3,"['log10_dq_var', 'peak_c_rate', 'switch_soc', 'qd_initial_median', 'qd_slope_10_100']",5,Linear,log10,{},8.704307931702182,3.428201673038681,81.32944277187622,8.613880815536305
M3_log10_Ridge,M3,"['log10_dq_var', 'peak_c_rate', 'switch_soc', 'qd_initial_median', 'qd_slope_10_100']",5,Ridge,log10,"{""alpha"": 0.01}",8.697448763184008,3.420392808079665,81.26551610902166,8.607354733750547
M3_log10_Ridge,M3,"['log10_dq_var', 'peak_c_rate', 'switch_soc', 'qd_initial_median', 'qd_slope_10_100']",5,Ridge,log10,"{""alpha"": 0.1}",8.65216142817549,3.355198248198913,80.79443988812969,8.56453580375462
M3_log10_Ridge,M3,"['log10_dq_var', 'peak_c_rate', 'switch_soc', 'qd_initial_median', 'qd_slope_10_100']",5,Ridge,log10,"{""alpha"": 1.0}",8.475699499466433,2.710406216348696,78.34675546398516,8.40290388243195
M3_log10_Ridge,M3,"['log10_dq_var', 'peak_c_rate', 'switch_soc', 'qd_initial_median', 'qd_slope_10_100']",5,Ridge,log10,"{""alpha"": 10.0}",8.865255512633558,1.385914791579821,77.07060412642758,8.826300832381756
M3_log10_Ridge,M3,"['log10_dq_var', 'peak_c_rate', 'switch_soc', 'qd_initial_median', 'qd_slope_10_100']",5,Ridge,log10,"{""alpha"": 100.0}",14.181215343708914,2.016128138318758,118.09261089258337,14.11106162591679
M3_log10_ElasticNet,M3,"['log10_dq_var', 'peak_c_rate', 'switch_soc', 'qd_initial_median', 'qd_slope_10_100']",5,ElasticNet,log10,"{""alpha"": 0.0001, ""l1_ratio"": 0.2}",8.696424966500325,3.416584970743743,81.26938662221218,8.60644360175395
M3_log10_ElasticNet,M3,"['log10_dq_var', 'peak_c_rate', 'switch_soc', 'qd_initial_median', 'qd_slope_10_100']",5,ElasticNet,log10,"{""alpha"": 0.0001, ""l1_ratio"": 0.8}",8.678788359980292,3.3885167188220815,81.14517360075756,8.589856276515247
M3_log10_ElasticNet,M3,"['log10_dq_var', 'peak_c_rate', 'switch_soc', 'qd_initial_median', 'qd_slope_10_100']",5,ElasticNet,log10,"{""alpha"": 0.01, ""l1_ratio"": 0.2}",8.850075846626755,2.930910798103578,81.88282727832954,8.795796616883871
M3_log10_ElasticNet,M3,"['log10_dq_var', 'peak_c_rate', 'switch_soc', 'qd_initial_median', 'qd_slope_10_100']",5,ElasticNet,log10,"{""alpha"": 0.01, ""l1_ratio"": 0.8}",10.211668326526185,2.840785179493673,90.67623067714999,10.157859190742927
M3_log10_ElasticNet,M3,"['log10_dq_var', 'peak_c_rate', 'switch_soc', 'qd_initial_median', 'qd_slope_10_100']",5,ElasticNet,log10,"{""alpha"": 1.0, ""l1_ratio"": 0.2}",19.064456278421762,5.485704014074685,156.5351563753413,18.938384723636158
M3_log10_ElasticNet,M3,"['log10_dq_var', 'peak_c_rate', 'switch_soc', 'qd_initial_median', 'qd_slope_10_100']",5,ElasticNet,log10,"{""alpha"": 1.0, ""l1_ratio"": 0.8}",19.064456278421762,5.485704014074685,156.5351563753413,18.938384723636158
M3_log10_ElasticNet,M3,"['log10_dq_var', 'peak_c_rate', 'switch_soc', 'qd_initial_median', 'qd_slope_10_100']",5,ElasticNet,log10,"{""alpha"": 10.0, ""l1_ratio"": 0.2}",19.064456278421762,5.485704014074685,156.5351563753413,18.938384723636158
M3_log10_ElasticNet,M3,"['log10_dq_var', 'peak_c_rate', 'switch_soc', 'qd_initial_median', 'qd_slope_10_100']",5,ElasticNet,log10,"{""alpha"": 10.0, ""l1_ratio"": 0.8}",19.064456278421762,5.485704014074685,156.5351563753413,18.938384723636158
M3_log10_RandomForest,M3,"['log10_dq_var', 'peak_c_rate', 'switch_soc', 'qd_initial_median', 'qd_slope_10_100']",5,RandomForest,log10,"{""max_depth"": 2, ""max_features"": 0.7, ""min_samples_leaf"": 3, ""n_estimators"": 100}",10.220394035163691,3.4718862340512215,86.06145903872557,10.211480262270973
M3_log10_RandomForest,M3,"['log10_dq_var', 'peak_c_rate', 'switch_soc', 'qd_initial_median', 'qd_slope_10_100']",5,RandomForest,log10,"{""max_depth"": 2, ""max_features"": 0.7, ""min_samples_leaf"": 5, ""n_estimators"": 100}",11.118750398564115,3.6577655945002157,93.71542669595644,11.11249917670641
M3_log10_RandomForest,M3,"['log10_dq_var', 'peak_c_rate', 'switch_soc', 'qd_initial_median', 'qd_slope_10_100']",5,RandomForest,log10,"{""max_depth"": 2, ""max_features"": 1.0, ""min_samples_leaf"": 3, ""n_estimators"": 100}",8.546993450421585,3.391885363593098,71.80997815721055,8.60002602941517
M3_log10_RandomForest,M3,"['log10_dq_var', 'peak_c_rate', 'switch_soc', 'qd_initial_median', 'qd_slope_10_100']",5,RandomForest,log10,"{""max_depth"": 2, ""max_features"": 1.0, ""min_samples_leaf"": 5, ""n_estimators"": 100}",10.07760983473556,3.7922827061826494,84.88673356710984,10.142178619844143
M3_log10_RandomForest,M3,"['log10_dq_var', 'peak_c_rate', 'switch_soc', 'qd_initial_median', 'qd_slope_10_100']",5,RandomForest,log10,"{""max_depth"": 3, ""max_features"": 0.7, ""min_samples_leaf"": 3, ""n_estimators"": 100}",9.793433568987993,3.5007995505662373,82.16658014847283,9.791553609650943
M3_log10_RandomForest,M3,"['log10_dq_var', 'peak_c_rate', 'switch_soc', 'qd_initial_median', 'qd_slope_10_100']",5,RandomForest,log10,"{""max_depth"": 3, ""max_features"": 0.7, ""min_samples_leaf"": 5, ""n_estimators"": 100}",11.112810526586514,3.6285226163770696,93.68181498960915,11.105820649940867
M3_log10_RandomForest,M3,"['log10_dq_var', 'peak_c_rate', 'switch_soc', 'qd_initial_median', 'qd_slope_10_100']",5,RandomForest,log10,"{""max_depth"": 3, ""max_features"": 1.0, ""min_samples_leaf"": 3, ""n_estimators"": 100}",8.533435639400619,3.6839036355966868,71.8164310171934,8.585027517101897
M3_log10_RandomForest,M3,"['log10_dq_var', 'peak_c_rate', 'switch_soc', 'qd_initial_median', 'qd_slope_10_100']",5,RandomForest,log10,"{""max_depth"": 3, ""max_features"": 1.0, ""min_samples_leaf"": 5, ""n_estimators"": 100}",10.078142289878148,3.7898073865487825,84.89621485505232,10.142696284566103
M3_log10_XGBoost,M3,"['log10_dq_var', 'peak_c_rate', 'switch_soc', 'qd_initial_median', 'qd_slope_10_100']",5,XGBoost,log10,"{""learning_rate"": 0.03, ""max_depth"": 1, ""min_child_weight"": 5, ""n_estimators"": 60, ""reg_lambda"": 10.0}",12.43049487200307,5.647919284505081,104.57420828683034,12.37365128129015
M3_log10_XGBoost,M3,"['log10_dq_var', 'peak_c_rate', 'switch_soc', 'qd_initial_median', 'qd_slope_10_100']",5,XGBoost,log10,"{""learning_rate"": 0.03, ""max_depth"": 1, ""min_child_weight"": 5, ""n_estimators"": 60, ""reg_lambda"": 30.0}",13.855902027241934,6.28234886316852,115.31435764857702,13.744157789659905
M3_log10_XGBoost,M3,"['log10_dq_var', 'peak_c_rate', 'switch_soc', 'qd_initial_median', 'qd_slope_10_100']",5,XGBoost,log10,"{""learning_rate"": 0.03, ""max_depth"": 1, ""min_child_weight"": 5, ""n_estimators"": 120, ""reg_lambda"": 10.0}",11.027001190718831,4.7413603719239195,92.08407897949219,10.98373012274335
M3_log10_XGBoost,M3,"['log10_dq_var', 'peak_c_rate', 'switch_soc', 'qd_initial_median', 'qd_slope_10_100']",5,XGBoost,log10,"{""learning_rate"": 0.03, ""max_depth"": 1, ""min_child_weight"": 5, ""n_estimators"": 120, ""reg_lambda"": 30.0}",12.14607169750367,5.660747571275604,102.42925698416573,12.096135972197589
M3_log10_XGBoost,M3,"['log10_dq_var', 'peak_c_rate', 'switch_soc', 'qd_initial_median', 'qd_slope_10_100']",5,XGBoost,log10,"{""learning_rate"": 0.03, ""max_depth"": 2, ""min_child_weight"": 5, ""n_estimators"": 60, ""reg_lambda"": 10.0}",12.257886808050383,5.5896139365799655,103.35851484026227,12.1842984881158
M3_log10_XGBoost,M3,"['log10_dq_var', 'peak_c_rate', 'switch_soc', 'qd_initial_median', 'qd_slope_10_100']",5,XGBoost,log10,"{""learning_rate"": 0.03, ""max_depth"": 2, ""min_child_weight"": 5, ""n_estimators"": 60, ""reg_lambda"": 30.0}",13.912086227403941,6.153655291944251,116.42029571533203,13.806926014142912
M3_log10_XGBoost,M3,"['log10_dq_var', 'peak_c_rate', 'switch_soc', 'qd_initial_median', 'qd_slope_10_100']",5,XGBoost,log10,"{""learning_rate"": 0.03, ""max_depth"": 2, ""min_child_weight"": 5, ""n_estimators"": 120, ""reg_lambda"": 10.0}",11.198935761276614,5.115174131799971,93.49761461530412,11.136187252998754
M3_log10_XGBoost,M3,"['log10_dq_var', 'peak_c_rate', 'switch_soc', 'qd_initial_median', 'qd_slope_10_100']",5,XGBoost,log10,"{""learning_rate"": 0.03, ""max_depth"": 2, ""min_child_weight"": 5, ""n_estimators"": 120, ""reg_lambda"": 30.0}",12.101391307679455,5.631407380235214,102.91816973005022,12.048881267146866
M3_log10_LightGBM,M3,"['log10_dq_var', 'peak_c_rate', 'switch_soc', 'qd_initial_median', 'qd_slope_10_100']",5,LightGBM,log10,"{""learning_rate"": 0.03, ""max_depth"": 2, ""min_child_samples"": 5, ""n_estimators"": 60, ""num_leaves"": 3, ""reg_lambda"": 10.0}",12.429317364937521,5.157343378688417,104.70784809916617,12.364296249708499
M3_log10_LightGBM,M3,"['log10_dq_var', 'peak_c_rate', 'switch_soc', 'qd_initial_median', 'qd_slope_10_100']",5,LightGBM,log10,"{""learning_rate"": 0.03, ""max_depth"": 2, ""min_child_samples"": 5, ""n_estimators"": 60, ""num_leaves"": 4, ""reg_lambda"": 10.0}",12.829673342607938,5.351456101418785,108.25708886723166,12.759023102273462
M3_log10_LightGBM,M3,"['log10_dq_var', 'peak_c_rate', 'switch_soc', 'qd_initial_median', 'qd_slope_10_100']",5,LightGBM,log10,"{""learning_rate"": 0.03, ""max_depth"": 2, ""min_child_samples"": 5, ""n_estimators"": 120, ""num_leaves"": 3, ""reg_lambda"": 10.0}",11.07809514567094,4.135121942471649,93.37833326063205,11.05729640911508
M3_log10_LightGBM,M3,"['log10_dq_var', 'peak_c_rate', 'switch_soc', 'qd_initial_median', 'qd_slope_10_100']",5,LightGBM,log10,"{""learning_rate"": 0.03, ""max_depth"": 2, ""min_child_samples"": 5, ""n_estimators"": 120, ""num_leaves"": 4, ""reg_lambda"": 10.0}",11.405401331237078,4.436235283986884,96.36641480877346,11.38054893789768
M3_log10_LightGBM,M3,"['log10_dq_var', 'peak_c_rate', 'switch_soc', 'qd_initial_median', 'qd_slope_10_100']",5,LightGBM,log10,"{""learning_rate"": 0.03, ""max_depth"": 2, ""min_child_samples"": 10, ""n_estimators"": 60, ""num_leaves"": 3, ""reg_lambda"": 10.0}",12.285604145341063,5.204491002111996,102.94542938369632,12.214259900771635
M3_log10_LightGBM,M3,"['log10_dq_var', 'peak_c_rate', 'switch_soc', 'qd_initial_median', 'qd_slope_10_100']",5,LightGBM,log10,"{""learning_rate"": 0.03, ""max_depth"": 2, ""min_child_samples"": 10, ""n_estimators"": 60, ""num_leaves"": 4, ""reg_lambda"": 10.0}",12.285604145341063,5.204491002111996,102.94542938369632,12.214259900771635
M3_log10_LightGBM,M3,"['log10_dq_var', 'peak_c_rate', 'switch_soc', 'qd_initial_median', 'qd_slope_10_100']",5,LightGBM,log10,"{""learning_rate"": 0.03, ""max_depth"": 2, ""min_child_samples"": 10, ""n_estimators"": 120, ""num_leaves"": 3, ""reg_lambda"": 10.0}",11.72016753880649,4.208681488151746,98.35550502560818,11.687983152709409
M3_log10_LightGBM,M3,"['log10_dq_var', 'peak_c_rate', 'switch_soc', 'qd_initial_median', 'qd_slope_10_100']",5,LightGBM,log10,"{""learning_rate"": 0.03, ""max_depth"": 2, ""min_child_samples"": 10, ""n_estimators"": 120, ""num_leaves"": 4, ""reg_lambda"": 10.0}",11.72016753880649,4.208681488151746,98.35550502560818,11.687983152709409
M4_raw_Linear,M4,"['log10_dq_var', 'peak_c_rate', 'switch_soc', 'qd_initial_median', 'qd_slope_10_100', 'tavg_median_100', 'ir_median_100']",7,Linear,raw,{},11.271368272465276,5.78159878428629,92.93832486857363,11.11539890214022
M4_raw_Ridge,M4,"['log10_dq_var', 'peak_c_rate', 'switch_soc', 'qd_initial_median', 'qd_slope_10_100', 'tavg_median_100', 'ir_median_100']",7,Ridge,raw,"{""alpha"": 0.01}",11.25911570989203,5.76348189055716,92.8379678595787,11.103511964811531
M4_raw_Ridge,M4,"['log10_dq_var', 'peak_c_rate', 'switch_soc', 'qd_initial_median', 'qd_slope_10_100', 'tavg_median_100', 'ir_median_100']",7,Ridge,raw,"{""alpha"": 0.1}",11.15166331934022,5.6068641660228185,91.9587275237096,10.99925061629573
M4_raw_Ridge,M4,"['log10_dq_var', 'peak_c_rate', 'switch_soc', 'qd_initial_median', 'qd_slope_10_100', 'tavg_median_100', 'ir_median_100']",7,Ridge,raw,"{""alpha"": 1.0}",10.345387517392062,4.419923358319703,85.44578613927162,10.218698151659494
M4_raw_Ridge,M4,"['log10_dq_var', 'peak_c_rate', 'switch_soc', 'qd_initial_median', 'qd_slope_10_100', 'tavg_median_100', 'ir_median_100']",7,Ridge,raw,"{""alpha"": 10.0}",9.610895262845352,1.503068444885829,78.4612961358312,9.545745947152861
M4_raw_Ridge,M4,"['log10_dq_var', 'peak_c_rate', 'switch_soc', 'qd_initial_median', 'qd_slope_10_100', 'tavg_median_100', 'ir_median_100']",7,Ridge,raw,"{""alpha"": 100.0}",14.68249668381851,1.9156176697435234,118.43410142354897,14.593060267601347
M4_raw_ElasticNet,M4,"['log10_dq_var', 'peak_c_rate', 'switch_soc', 'qd_initial_median', 'qd_slope_10_100', 'tavg_median_100', 'ir_median_100']",7,ElasticNet,raw,"{""alpha"": 0.0001, ""l1_ratio"": 0.2}",11.268503631888043,5.777364458339178,92.91488351559072,11.112619641041729
M4_raw_ElasticNet,M4,"['log10_dq_var', 'peak_c_rate', 'switch_soc', 'qd_initial_median', 'qd_slope_10_100', 'tavg_median_100', 'ir_median_100']",7,ElasticNet,raw,"{""alpha"": 0.0001, ""l1_ratio"": 0.8}",11.27059631476996,5.7804657088302855,92.93210432904716,11.11465021629162
M4_raw_ElasticNet,M4,"['log10_dq_var', 'peak_c_rate', 'switch_soc', 'qd_initial_median', 'qd_slope_10_100', 'tavg_median_100', 'ir_median_100']",7,ElasticNet,raw,"{""alpha"": 0.01, ""l1_ratio"": 0.2}",11.00098648933847,5.39433449673734,90.73073693362547,10.852999611233582
M4_raw_ElasticNet,M4,"['log10_dq_var', 'peak_c_rate', 'switch_soc', 'qd_initial_median', 'qd_slope_10_100', 'tavg_median_100', 'ir_median_100']",7,ElasticNet,raw,"{""alpha"": 0.01, ""l1_ratio"": 0.8}",11.195297070965172,5.670858205273398,92.3256839301469,11.041614091490874
M4_raw_ElasticNet,M4,"['log10_dq_var', 'peak_c_rate', 'switch_soc', 'qd_initial_median', 'qd_slope_10_100', 'tavg_median_100', 'ir_median_100']",7,ElasticNet,raw,"{""alpha"": 1.0, ""l1_ratio"": 0.2}",10.406681962355934,3.0801248783214503,84.43812206771072,10.352811701905436
M4_raw_ElasticNet,M4,"['log10_dq_var', 'peak_c_rate', 'switch_soc', 'qd_initial_median', 'qd_slope_10_100', 'tavg_median_100', 'ir_median_100']",7,ElasticNet,raw,"{""alpha"": 1.0, ""l1_ratio"": 0.8}",9.124303953934026,1.9971154506080597,75.57372239614462,9.058414877259862
M4_raw_ElasticNet,M4,"['log10_dq_var', 'peak_c_rate', 'switch_soc', 'qd_initial_median', 'qd_slope_10_100', 'tavg_median_100', 'ir_median_100']",7,ElasticNet,raw,"{""alpha"": 10.0, ""l1_ratio"": 0.2}",16.76132370308953,3.433822640192658,134.6662798260413,16.655724150511073
M4_raw_ElasticNet,M4,"['log10_dq_var', 'peak_c_rate', 'switch_soc', 'qd_initial_median', 'qd_slope_10_100', 'tavg_median_100', 'ir_median_100']",7,ElasticNet,raw,"{""alpha"": 10.0, ""l1_ratio"": 0.8}",13.315538664242075,1.7020255655590493,107.66280994520908,13.240249293924744
M4_raw_RandomForest,M4,"['log10_dq_var', 'peak_c_rate', 'switch_soc', 'qd_initial_median', 'qd_slope_10_100', 'tavg_median_100', 'ir_median_100']",7,RandomForest,raw,"{""max_depth"": 2, ""max_features"": 0.7, ""min_samples_leaf"": 3, ""n_estimators"": 100}",11.292995257921808,3.1062808537550204,91.8857810410399,11.239153055973942
M4_raw_RandomForest,M4,"['log10_dq_var', 'peak_c_rate', 'switch_soc', 'qd_initial_median', 'qd_slope_10_100', 'tavg_median_100', 'ir_median_100']",7,RandomForest,raw,"{""max_depth"": 2, ""max_features"": 0.7, ""min_samples_leaf"": 5, ""n_estimators"": 100}",11.943337694794137,3.5459298243486943,98.80176081627503,11.924522847883386
M4_raw_RandomForest,M4,"['log10_dq_var', 'peak_c_rate', 'switch_soc', 'qd_initial_median', 'qd_slope_10_100', 'tavg_median_100', 'ir_median_100']",7,RandomForest,raw,"{""max_depth"": 2, ""max_features"": 1.0, ""min_samples_leaf"": 3, ""n_estimators"": 100}",8.859751852209293,3.358568980905863,72.91005952875969,8.909190089317969
M4_raw_RandomForest,M4,"['log10_dq_var', 'peak_c_rate', 'switch_soc', 'qd_initial_median', 'qd_slope_10_100', 'tavg_median_100', 'ir_median_100']",7,RandomForest,raw,"{""max_depth"": 2, ""max_features"": 1.0, ""min_samples_leaf"": 5, ""n_estimators"": 100}",10.227503584797963,3.7133718195677523,85.27579364465375,10.294575117618065
M4_raw_RandomForest,M4,"['log10_dq_var', 'peak_c_rate', 'switch_soc', 'qd_initial_median', 'qd_slope_10_100', 'tavg_median_100', 'ir_median_100']",7,RandomForest,raw,"{""max_depth"": 3, ""max_features"": 0.7, ""min_samples_leaf"": 3, ""n_estimators"": 100}",10.724632357863241,3.1892157866380177,87.52978945845817,10.68777115982497
M4_raw_RandomForest,M4,"['log10_dq_var', 'peak_c_rate', 'switch_soc', 'qd_initial_median', 'qd_slope_10_100', 'tavg_median_100', 'ir_median_100']",7,RandomForest,raw,"{""max_depth"": 3, ""max_features"": 0.7, ""min_samples_leaf"": 5, ""n_estimators"": 100}",11.88174670479901,3.5470410319377366,98.30921737852698,11.863543912856445
M4_raw_RandomForest,M4,"['log10_dq_var', 'peak_c_rate', 'switch_soc', 'qd_initial_median', 'qd_slope_10_100', 'tavg_median_100', 'ir_median_100']",7,RandomForest,raw,"{""max_depth"": 3, ""max_features"": 1.0, ""min_samples_leaf"": 3, ""n_estimators"": 100}",8.735861983488345,3.7391876916704656,72.14602996329067,8.785241623689162
M4_raw_RandomForest,M4,"['log10_dq_var', 'peak_c_rate', 'switch_soc', 'qd_initial_median', 'qd_slope_10_100', 'tavg_median_100', 'ir_median_100']",7,RandomForest,raw,"{""max_depth"": 3, ""max_features"": 1.0, ""min_samples_leaf"": 5, ""n_estimators"": 100}",10.224160899074796,3.709056756423009,85.25416694965173,10.29096548241702
M4_raw_XGBoost,M4,"['log10_dq_var', 'peak_c_rate', 'switch_soc', 'qd_initial_median', 'qd_slope_10_100', 'tavg_median_100', 'ir_median_100']",7,XGBoost,raw,"{""learning_rate"": 0.03, ""max_depth"": 1, ""min_child_weight"": 5, ""n_estimators"": 60, ""reg_lambda"": 10.0}",12.958292524391714,5.504294665055508,106.16630684988839,12.890672998981536
M4_raw_XGBoost,M4,"['log10_dq_var', 'peak_c_rate', 'switch_soc', 'qd_initial_median', 'qd_slope_10_100', 'tavg_median_100', 'ir_median_100']",7,XGBoost,raw,"{""learning_rate"": 0.03, ""max_depth"": 1, ""min_child_weight"": 5, ""n_estimators"": 60, ""reg_lambda"": 30.0}",14.667296720875985,6.123656553598969,119.11715523856026,14.573350215028185
M4_raw_XGBoost,M4,"['log10_dq_var', 'peak_c_rate', 'switch_soc', 'qd_initial_median', 'qd_slope_10_100', 'tavg_median_100', 'ir_median_100']",7,XGBoost,raw,"{""learning_rate"": 0.03, ""max_depth"": 1, ""min_child_weight"": 5, ""n_estimators"": 120, ""reg_lambda"": 10.0}",11.14233689451672,4.636247130121905,91.38841814313616,11.090619508404782
M4_raw_XGBoost,M4,"['log10_dq_var', 'peak_c_rate', 'switch_soc', 'qd_initial_median', 'qd_slope_10_100', 'tavg_median_100', 'ir_median_100']",7,XGBoost,raw,"{""learning_rate"": 0.03, ""max_depth"": 1, ""min_child_weight"": 5, ""n_estimators"": 120, ""reg_lambda"": 30.0}",12.676552487766347,5.48556564304353,104.46896100725446,12.62274116616725
M4_raw_XGBoost,M4,"['log10_dq_var', 'peak_c_rate', 'switch_soc', 'qd_initial_median', 'qd_slope_10_100', 'tavg_median_100', 'ir_median_100']",7,XGBoost,raw,"{""learning_rate"": 0.03, ""max_depth"": 2, ""min_child_weight"": 5, ""n_estimators"": 60, ""reg_lambda"": 10.0}",12.420541358188267,5.365398583721424,102.7192624773298,12.339226315580737
M4_raw_XGBoost,M4,"['log10_dq_var', 'peak_c_rate', 'switch_soc', 'qd_initial_median', 'qd_slope_10_100', 'tavg_median_100', 'ir_median_100']",7,XGBoost,raw,"{""learning_rate"": 0.03, ""max_depth"": 2, ""min_child_weight"": 5, ""n_estimators"": 60, ""reg_lambda"": 30.0}",14.65667946408477,6.178047482446867,119.823586164202,14.558622946039613
M4_raw_XGBoost,M4,"['log10_dq_var', 'peak_c_rate', 'switch_soc', 'qd_initial_median', 'qd_slope_10_100', 'tavg_median_100', 'ir_median_100']",7,XGBoost,raw,"{""learning_rate"": 0.03, ""max_depth"": 2, ""min_child_weight"": 5, ""n_estimators"": 120, ""reg_lambda"": 10.0}",11.259681686899233,4.321749841271176,92.56631774902344,11.194615455255562
M4_raw_XGBoost,M4,"['log10_dq_var', 'peak_c_rate', 'switch_soc', 'qd_initial_median', 'qd_slope_10_100', 'tavg_median_100', 'ir_median_100']",7,XGBoost,raw,"{""learning_rate"": 0.03, ""max_depth"": 2, ""min_child_weight"": 5, ""n_estimators"": 120, ""reg_lambda"": 30.0}",12.630414309007563,5.611910703934841,105.61380746023997,12.56373012856444
M4_raw_LightGBM,M4,"['log10_dq_var', 'peak_c_rate', 'switch_soc', 'qd_initial_median', 'qd_slope_10_100', 'tavg_median_100', 'ir_median_100']",7,LightGBM,raw,"{""learning_rate"": 0.03, ""max_depth"": 2, ""min_child_samples"": 5, ""n_estimators"": 60, ""num_leaves"": 3, ""reg_lambda"": 10.0}",13.056205695852245,5.157475193601323,107.74921153123964,12.983338729217897
M4_raw_LightGBM,M4,"['log10_dq_var', 'peak_c_rate', 'switch_soc', 'qd_initial_median', 'qd_slope_10_100', 'tavg_median_100', 'ir_median_100']",7,LightGBM,raw,"{""learning_rate"": 0.03, ""max_depth"": 2, ""min_child_samples"": 5, ""n_estimators"": 60, ""num_leaves"": 4, ""reg_lambda"": 10.0}",13.364381006254755,5.3986353132853795,110.84703726433641,13.282953614331447
M4_raw_LightGBM,M4,"['log10_dq_var', 'peak_c_rate', 'switch_soc', 'qd_initial_median', 'qd_slope_10_100', 'tavg_median_100', 'ir_median_100']",7,LightGBM,raw,"{""learning_rate"": 0.03, ""max_depth"": 2, ""min_child_samples"": 5, ""n_estimators"": 120, ""num_leaves"": 3, ""reg_lambda"": 10.0}",11.612817847688385,3.9361304519555635,95.84445737199977,11.556485065005468
M4_raw_LightGBM,M4,"['log10_dq_var', 'peak_c_rate', 'switch_soc', 'qd_initial_median', 'qd_slope_10_100', 'tavg_median_100', 'ir_median_100']",7,LightGBM,raw,"{""learning_rate"": 0.03, ""max_depth"": 2, ""min_child_samples"": 5, ""n_estimators"": 120, ""num_leaves"": 4, ""reg_lambda"": 10.0}",11.904268717615562,4.106966580110611,99.03755177086538,11.836784351721047
M4_raw_LightGBM,M4,"['log10_dq_var', 'peak_c_rate', 'switch_soc', 'qd_initial_median', 'qd_slope_10_100', 'tavg_median_100', 'ir_median_100']",7,LightGBM,raw,"{""learning_rate"": 0.03, ""max_depth"": 2, ""min_child_samples"": 10, ""n_estimators"": 60, ""num_leaves"": 3, ""reg_lambda"": 10.0}",12.999431544738425,5.142896956191975,106.47720251748187,12.931869034797764
M4_raw_LightGBM,M4,"['log10_dq_var', 'peak_c_rate', 'switch_soc', 'qd_initial_median', 'qd_slope_10_100', 'tavg_median_100', 'ir_median_100']",7,LightGBM,raw,"{""learning_rate"": 0.03, ""max_depth"": 2, ""min_child_samples"": 10, ""n_estimators"": 60, ""num_leaves"": 4, ""reg_lambda"": 10.0}",12.999431544738425,5.142896956191975,106.47720251748187,12.931869034797764
M4_raw_LightGBM,M4,"['log10_dq_var', 'peak_c_rate', 'switch_soc', 'qd_initial_median', 'qd_slope_10_100', 'tavg_median_100', 'ir_median_100']",7,LightGBM,raw,"{""learning_rate"": 0.03, ""max_depth"": 2, ""min_child_samples"": 10, ""n_estimators"": 120, ""num_leaves"": 3, ""reg_lambda"": 10.0}",12.183688247879228,4.460083800668034,100.824217539519,12.136683469992473
M4_raw_LightGBM,M4,"['log10_dq_var', 'peak_c_rate', 'switch_soc', 'qd_initial_median', 'qd_slope_10_100', 'tavg_median_100', 'ir_median_100']",7,LightGBM,raw,"{""learning_rate"": 0.03, ""max_depth"": 2, ""min_child_samples"": 10, ""n_estimators"": 120, ""num_leaves"": 4, ""reg_lambda"": 10.0}",12.183688247879228,4.460083800668034,100.824217539519,12.136683469992473
M4_log10_Linear,M4,"['log10_dq_var', 'peak_c_rate', 'switch_soc', 'qd_initial_median', 'qd_slope_10_100', 'tavg_median_100', 'ir_median_100']",7,Linear,log10,{},9.930582792180251,4.713534467048614,88.87886113494382,9.799032970690895
M4_log10_Ridge,M4,"['log10_dq_var', 'peak_c_rate', 'switch_soc', 'qd_initial_median', 'qd_slope_10_100', 'tavg_median_100', 'ir_median_100']",7,Ridge,log10,"{""alpha"": 0.01}",9.92185640627936,4.700195696345491,88.80280140316968,9.790787812130047
M4_log10_Ridge,M4,"['log10_dq_var', 'peak_c_rate', 'switch_soc', 'qd_initial_median', 'qd_slope_10_100', 'tavg_median_100', 'ir_median_100']",7,Ridge,log10,"{""alpha"": 0.1}",9.845056793358967,4.5855801833849705,88.1324221083324,9.718147681306823
M4_log10_Ridge,M4,"['log10_dq_var', 'peak_c_rate', 'switch_soc', 'qd_initial_median', 'qd_slope_10_100', 'tavg_median_100', 'ir_median_100']",7,Ridge,log10,"{""alpha"": 1.0}",9.441773734966521,3.8731811088182666,84.00841209848309,9.339158871301972
M4_log10_Ridge,M4,"['log10_dq_var', 'peak_c_rate', 'switch_soc', 'qd_initial_median', 'qd_slope_10_100', 'tavg_median_100', 'ir_median_100']",7,Ridge,log10,"{""alpha"": 10.0}",9.168528152819997,1.3084517133123987,78.81891457216625,9.120885294466104
M4_log10_Ridge,M4,"['log10_dq_var', 'peak_c_rate', 'switch_soc', 'qd_initial_median', 'qd_slope_10_100', 'tavg_median_100', 'ir_median_100']",7,Ridge,log10,"{""alpha"": 100.0}",14.496992138059994,1.8362108665657078,119.45218094729208,14.41114196742338
M4_log10_ElasticNet,M4,"['log10_dq_var', 'peak_c_rate', 'switch_soc', 'qd_initial_median', 'qd_slope_10_100', 'tavg_median_100', 'ir_median_100']",7,ElasticNet,log10,"{""alpha"": 0.0001, ""l1_ratio"": 0.2}",9.914461498136813,4.692431992109453,88.78481392266343,9.783668788939822
M4_log10_ElasticNet,M4,"['log10_dq_var', 'peak_c_rate', 'switch_soc', 'qd_initial_median', 'qd_slope_10_100', 'tavg_median_100', 'ir_median_100']",7,ElasticNet,log10,"{""alpha"": 0.0001, ""l1_ratio"": 0.8}",9.873554541745246,4.6407291639937895,88.56809138628053,9.744623554234932
M4_log10_ElasticNet,M4,"['log10_dq_var', 'peak_c_rate', 'switch_soc', 'qd_initial_median', 'qd_slope_10_100', 'tavg_median_100', 'ir_median_100']",7,ElasticNet,log10,"{""alpha"": 0.01, ""l1_ratio"": 0.2}",8.8522936809621,2.984336685387496,82.43923927083367,8.78475014192283
M4_log10_ElasticNet,M4,"['log10_dq_var', 'peak_c_rate', 'switch_soc', 'qd_initial_median', 'qd_slope_10_100', 'tavg_median_100', 'ir_median_100']",7,ElasticNet,log10,"{""alpha"": 0.01, ""l1_ratio"": 0.8}",10.211668326526185,2.840785179493673,90.67623067714999,10.157859190742927
M4_log10_ElasticNet,M4,"['log10_dq_var', 'peak_c_rate', 'switch_soc', 'qd_initial_median', 'qd_slope_10_100', 'tavg_median_100', 'ir_median_100']",7,ElasticNet,log10,"{""alpha"": 1.0, ""l1_ratio"": 0.2}",19.064456278421762,5.485704014074685,156.5351563753413,18.938384723636158
M4_log10_ElasticNet,M4,"['log10_dq_var', 'peak_c_rate', 'switch_soc', 'qd_initial_median', 'qd_slope_10_100', 'tavg_median_100', 'ir_median_100']",7,ElasticNet,log10,"{""alpha"": 1.0, ""l1_ratio"": 0.8}",19.064456278421762,5.485704014074685,156.5351563753413,18.938384723636158
M4_log10_ElasticNet,M4,"['log10_dq_var', 'peak_c_rate', 'switch_soc', 'qd_initial_median', 'qd_slope_10_100', 'tavg_median_100', 'ir_median_100']",7,ElasticNet,log10,"{""alpha"": 10.0, ""l1_ratio"": 0.2}",19.064456278421762,5.485704014074685,156.5351563753413,18.938384723636158
M4_log10_ElasticNet,M4,"['log10_dq_var', 'peak_c_rate', 'switch_soc', 'qd_initial_median', 'qd_slope_10_100', 'tavg_median_100', 'ir_median_100']",7,ElasticNet,log10,"{""alpha"": 10.0, ""l1_ratio"": 0.8}",19.064456278421762,5.485704014074685,156.5351563753413,18.938384723636158
M4_log10_RandomForest,M4,"['log10_dq_var', 'peak_c_rate', 'switch_soc', 'qd_initial_median', 'qd_slope_10_100', 'tavg_median_100', 'ir_median_100']",7,RandomForest,log10,"{""max_depth"": 2, ""max_features"": 0.7, ""min_samples_leaf"": 3, ""n_estimators"": 100}",10.555308362603101,3.251880098587383,88.218414326027,10.51356854088581
M4_log10_RandomForest,M4,"['log10_dq_var', 'peak_c_rate', 'switch_soc', 'qd_initial_median', 'qd_slope_10_100', 'tavg_median_100', 'ir_median_100']",7,RandomForest,log10,"{""max_depth"": 2, ""max_features"": 0.7, ""min_samples_leaf"": 5, ""n_estimators"": 100}",11.466723127246718,3.8406026225977286,96.94933021907923,11.430356244350346
M4_log10_RandomForest,M4,"['log10_dq_var', 'peak_c_rate', 'switch_soc', 'qd_initial_median', 'qd_slope_10_100', 'tavg_median_100', 'ir_median_100']",7,RandomForest,log10,"{""max_depth"": 2, ""max_features"": 1.0, ""min_samples_leaf"": 3, ""n_estimators"": 100}",8.603091479211493,3.5143863691207593,72.01203208688574,8.64632044330573
M4_log10_RandomForest,M4,"['log10_dq_var', 'peak_c_rate', 'switch_soc', 'qd_initial_median', 'qd_slope_10_100', 'tavg_median_100', 'ir_median_100']",7,RandomForest,log10,"{""max_depth"": 2, ""max_features"": 1.0, ""min_samples_leaf"": 5, ""n_estimators"": 100}",10.100445833773582,3.829914388870944,85.05601338743568,10.159271022269772
M4_log10_RandomForest,M4,"['log10_dq_var', 'peak_c_rate', 'switch_soc', 'qd_initial_median', 'qd_slope_10_100', 'tavg_median_100', 'ir_median_100']",7,RandomForest,log10,"{""max_depth"": 3, ""max_features"": 0.7, ""min_samples_leaf"": 3, ""n_estimators"": 100}",10.07786374980256,3.410833108852804,84.40337125107162,10.044297504540797
M4_log10_RandomForest,M4,"['log10_dq_var', 'peak_c_rate', 'switch_soc', 'qd_initial_median', 'qd_slope_10_100', 'tavg_median_100', 'ir_median_100']",7,RandomForest,log10,"{""max_depth"": 3, ""max_features"": 0.7, ""min_samples_leaf"": 5, ""n_estimators"": 100}",11.440613450184287,3.839477317245273,96.7144247135368,11.404971836095207
M4_log10_RandomForest,M4,"['log10_dq_var', 'peak_c_rate', 'switch_soc', 'qd_initial_median', 'qd_slope_10_100', 'tavg_median_100', 'ir_median_100']",7,RandomForest,log10,"{""max_depth"": 3, ""max_features"": 1.0, ""min_samples_leaf"": 3, ""n_estimators"": 100}",8.474917578719381,3.7788632883511966,71.17011410910342,8.521833751837756
M4_log10_RandomForest,M4,"['log10_dq_var', 'peak_c_rate', 'switch_soc', 'qd_initial_median', 'qd_slope_10_100', 'tavg_median_100', 'ir_median_100']",7,RandomForest,log10,"{""max_depth"": 3, ""max_features"": 1.0, ""min_samples_leaf"": 5, ""n_estimators"": 100}",10.101970441590062,3.8268253111326587,85.07482025728515,10.160753279869125
M4_log10_XGBoost,M4,"['log10_dq_var', 'peak_c_rate', 'switch_soc', 'qd_initial_median', 'qd_slope_10_100', 'tavg_median_100', 'ir_median_100']",7,XGBoost,log10,"{""learning_rate"": 0.03, ""max_depth"": 1, ""min_child_weight"": 5, ""n_estimators"": 60, ""reg_lambda"": 10.0}",12.43049487200307,5.647919284505081,104.57420828683034,12.37365128129015
M4_log10_XGBoost,M4,"['log10_dq_var', 'peak_c_rate', 'switch_soc', 'qd_initial_median', 'qd_slope_10_100', 'tavg_median_100', 'ir_median_100']",7,XGBoost,log10,"{""learning_rate"": 0.03, ""max_depth"": 1, ""min_child_weight"": 5, ""n_estimators"": 60, ""reg_lambda"": 30.0}",13.855902027241934,6.28234886316852,115.31435764857702,13.744157789659905
M4_log10_XGBoost,M4,"['log10_dq_var', 'peak_c_rate', 'switch_soc', 'qd_initial_median', 'qd_slope_10_100', 'tavg_median_100', 'ir_median_100']",7,XGBoost,log10,"{""learning_rate"": 0.03, ""max_depth"": 1, ""min_child_weight"": 5, ""n_estimators"": 120, ""reg_lambda"": 10.0}",11.100631152516396,4.699885852730157,92.8957277570452,11.057833063546193
M4_log10_XGBoost,M4,"['log10_dq_var', 'peak_c_rate', 'switch_soc', 'qd_initial_median', 'qd_slope_10_100', 'tavg_median_100', 'ir_median_100']",7,XGBoost,log10,"{""learning_rate"": 0.03, ""max_depth"": 1, ""min_child_weight"": 5, ""n_estimators"": 120, ""reg_lambda"": 30.0}",12.157650247149267,5.651837194750605,102.52609536307197,12.10739289546414
M4_log10_XGBoost,M4,"['log10_dq_var', 'peak_c_rate', 'switch_soc', 'qd_initial_median', 'qd_slope_10_100', 'tavg_median_100', 'ir_median_100']",7,XGBoost,log10,"{""learning_rate"": 0.03, ""max_depth"": 2, ""min_child_weight"": 5, ""n_estimators"": 60, ""reg_lambda"": 10.0}",12.485108616877449,5.618272893954417,105.37878287179129,12.406237822597504
M4_log10_XGBoost,M4,"['log10_dq_var', 'peak_c_rate', 'switch_soc', 'qd_initial_median', 'qd_slope_10_100', 'tavg_median_100', 'ir_median_100']",7,XGBoost,log10,"{""learning_rate"": 0.03, ""max_depth"": 2, ""min_child_weight"": 5, ""n_estimators"": 60, ""reg_lambda"": 30.0}",14.119426074762478,6.318958352649725,118.0631371634347,14.008506421297046
M4_log10_XGBoost,M4,"['log10_dq_var', 'peak_c_rate', 'switch_soc', 'qd_initial_median', 'qd_slope_10_100', 'tavg_median_100', 'ir_median_100']",7,XGBoost,log10,"{""learning_rate"": 0.03, ""max_depth"": 2, ""min_child_weight"": 5, ""n_estimators"": 120, ""reg_lambda"": 10.0}",11.530637585485554,4.67613717497632,96.57137974330358,11.46655996313756
M4_log10_XGBoost,M4,"['log10_dq_var', 'peak_c_rate', 'switch_soc', 'qd_initial_median', 'qd_slope_10_100', 'tavg_median_100', 'ir_median_100']",7,XGBoost,log10,"{""learning_rate"": 0.03, ""max_depth"": 2, ""min_child_weight"": 5, ""n_estimators"": 120, ""reg_lambda"": 30.0}",12.430410387516178,5.759702157177288,105.74155840192523,12.368760928099237
M4_log10_LightGBM,M4,"['log10_dq_var', 'peak_c_rate', 'switch_soc', 'qd_initial_median', 'qd_slope_10_100', 'tavg_median_100', 'ir_median_100']",7,LightGBM,log10,"{""learning_rate"": 0.03, ""max_depth"": 2, ""min_child_samples"": 5, ""n_estimators"": 60, ""num_leaves"": 3, ""reg_lambda"": 10.0}",12.521514174656545,5.069414277295442,105.88039749742283,12.450402272999291
M4_log10_LightGBM,M4,"['log10_dq_var', 'peak_c_rate', 'switch_soc', 'qd_initial_median', 'qd_slope_10_100', 'tavg_median_100', 'ir_median_100']",7,LightGBM,log10,"{""learning_rate"": 0.03, ""max_depth"": 2, ""min_child_samples"": 5, ""n_estimators"": 60, ""num_leaves"": 4, ""reg_lambda"": 10.0}",12.972382010107179,5.2521323156647055,109.76917321102573,12.894584674833986
M4_log10_LightGBM,M4,"['log10_dq_var', 'peak_c_rate', 'switch_soc', 'qd_initial_median', 'qd_slope_10_100', 'tavg_median_100', 'ir_median_100']",7,LightGBM,log10,"{""learning_rate"": 0.03, ""max_depth"": 2, ""min_child_samples"": 5, ""n_estimators"": 120, ""num_leaves"": 3, ""reg_lambda"": 10.0}",11.119191404515233,3.911895386716025,93.9361170174094,11.07556092724853
M4_log10_LightGBM,M4,"['log10_dq_var', 'peak_c_rate', 'switch_soc', 'qd_initial_median', 'qd_slope_10_100', 'tavg_median_100', 'ir_median_100']",7,LightGBM,log10,"{""learning_rate"": 0.03, ""max_depth"": 2, ""min_child_samples"": 5, ""n_estimators"": 120, ""num_leaves"": 4, ""reg_lambda"": 10.0}",11.457648579866973,4.302408113166012,97.16959827937902,11.406571256792256
M4_log10_LightGBM,M4,"['log10_dq_var', 'peak_c_rate', 'switch_soc', 'qd_initial_median', 'qd_slope_10_100', 'tavg_median_100', 'ir_median_100']",7,LightGBM,log10,"{""learning_rate"": 0.03, ""max_depth"": 2, ""min_child_samples"": 10, ""n_estimators"": 60, ""num_leaves"": 3, ""reg_lambda"": 10.0}",12.285604145341063,5.204491002111996,102.94542938369632,12.214259900771635
M4_log10_LightGBM,M4,"['log10_dq_var', 'peak_c_rate', 'switch_soc', 'qd_initial_median', 'qd_slope_10_100', 'tavg_median_100', 'ir_median_100']",7,LightGBM,log10,"{""learning_rate"": 0.03, ""max_depth"": 2, ""min_child_samples"": 10, ""n_estimators"": 60, ""num_leaves"": 4, ""reg_lambda"": 10.0}",12.285604145341063,5.204491002111996,102.94542938369632,12.214259900771635
M4_log10_LightGBM,M4,"['log10_dq_var', 'peak_c_rate', 'switch_soc', 'qd_initial_median', 'qd_slope_10_100', 'tavg_median_100', 'ir_median_100']",7,LightGBM,log10,"{""learning_rate"": 0.03, ""max_depth"": 2, ""min_child_samples"": 10, ""n_estimators"": 120, ""num_leaves"": 3, ""reg_lambda"": 10.0}",11.72560153122162,4.310711620388025,98.64882604779348,11.690465606191408
M4_log10_LightGBM,M4,"['log10_dq_var', 'peak_c_rate', 'switch_soc', 'qd_initial_median', 'qd_slope_10_100', 'tavg_median_100', 'ir_median_100']",7,LightGBM,log10,"{""learning_rate"": 0.03, ""max_depth"": 2, ""min_child_samples"": 10, ""n_estimators"": 120, ""num_leaves"": 4, ""reg_lambda"": 10.0}",11.72560153122162,4.310711620388025,98.64882604779348,11.690465606191408
M3_clean_raw_Linear,M3_clean,"['log10_dq_var', 'peak_c_rate', 'switch_soc', 'qd_initial_median_clean', 'qd_slope_10_100_clean']",5,Linear,raw,{},8.345019040453824,1.705565054942237,74.92774123097026,8.29165935079129
M3_clean_raw_Ridge,M3_clean,"['log10_dq_var', 'peak_c_rate', 'switch_soc', 'qd_initial_median_clean', 'qd_slope_10_100_clean']",5,Ridge,raw,"{""alpha"": 0.01}",8.341986774011966,1.701004099569103,74.89149507769605,8.28879346019255
M3_clean_raw_Ridge,M3_clean,"['log10_dq_var', 'peak_c_rate', 'switch_soc', 'qd_initial_median_clean', 'qd_slope_10_100_clean']",5,Ridge,raw,"{""alpha"": 0.1}",8.316015914497042,1.6633058995640329,74.57856965647395,8.264256238165418
M3_clean_raw_Ridge,M3_clean,"['log10_dq_var', 'peak_c_rate', 'switch_soc', 'qd_initial_median_clean', 'qd_slope_10_100_clean']",5,Ridge,raw,"{""alpha"": 1.0}",8.136027329306453,1.4768397175434977,72.28817038547058,8.094778348916174
M3_clean_raw_Ridge,M3_clean,"['log10_dq_var', 'peak_c_rate', 'switch_soc', 'qd_initial_median_clean', 'qd_slope_10_100_clean']",5,Ridge,raw,"{""alpha"": 10.0}",8.965292316360497,1.8037782396453892,75.00034395037412,8.945993229994691
M3_clean_raw_Ridge,M3_clean,"['log10_dq_var', 'peak_c_rate', 'switch_soc', 'qd_initial_median_clean', 'qd_slope_10_100_clean']",5,Ridge,raw,"{""alpha"": 100.0}",14.271751951839912,2.0628195422539326,116.22794455627104,14.20211453513456
M3_clean_raw_ElasticNet,M3_clean,"['log10_dq_var', 'peak_c_rate', 'switch_soc', 'qd_initial_median_clean', 'qd_slope_10_100_clean']",5,ElasticNet,raw,"{""alpha"": 0.0001, ""l1_ratio"": 0.2}",8.34430955047741,1.7045049402494539,74.9192771477706,8.290988288136719
M3_clean_raw_ElasticNet,M3_clean,"['log10_dq_var', 'peak_c_rate', 'switch_soc', 'qd_initial_median_clean', 'qd_slope_10_100_clean']",5,ElasticNet,raw,"{""alpha"": 0.0001, ""l1_ratio"": 0.8}",8.344847165714036,1.7052937179670191,74.92563968746501,8.291497919598548
M3_clean_raw_ElasticNet,M3_clean,"['log10_dq_var', 'peak_c_rate', 'switch_soc', 'qd_initial_median_clean', 'qd_slope_10_100_clean']",5,ElasticNet,raw,"{""alpha"": 0.01, ""l1_ratio"": 0.2}",8.28141444045059,1.6179074035632888,74.15554787048164,8.231550928428993
M3_clean_raw_ElasticNet,M3_clean,"['log10_dq_var', 'peak_c_rate', 'switch_soc', 'qd_initial_median_clean', 'qd_slope_10_100_clean']",5,ElasticNet,raw,"{""alpha"": 0.01, ""l1_ratio"": 0.8}",8.328333620426164,1.6798382718686242,74.7226368631259,8.27599116175974
M3_clean_raw_ElasticNet,M3_clean,"['log10_dq_var', 'peak_c_rate', 'switch_soc', 'qd_initial_median_clean', 'qd_slope_10_100_clean']",5,ElasticNet,raw,"{""alpha"": 1.0, ""l1_ratio"": 0.2}",9.77917176457567,3.1623992690184677,80.04044332664105,9.766676323272192
M3_clean_raw_ElasticNet,M3_clean,"['log10_dq_var', 'peak_c_rate', 'switch_soc', 'qd_initial_median_clean', 'qd_slope_10_100_clean']",5,ElasticNet,raw,"{""alpha"": 1.0, ""l1_ratio"": 0.8}",8.635630269953477,1.2675068860713847,73.40226148856232,8.609740006563921
M3_clean_raw_ElasticNet,M3_clean,"['log10_dq_var', 'peak_c_rate', 'switch_soc', 'qd_initial_median_clean', 'qd_slope_10_100_clean']",5,ElasticNet,raw,"{""alpha"": 10.0, ""l1_ratio"": 0.2}",16.61761310316333,3.499325916507065,134.1591732453725,16.522552374364295
M3_clean_raw_ElasticNet,M3_clean,"['log10_dq_var', 'peak_c_rate', 'switch_soc', 'qd_initial_median_clean', 'qd_slope_10_100_clean']",5,ElasticNet,raw,"{""alpha"": 10.0, ""l1_ratio"": 0.8}",12.847433584988512,1.9711983787112808,104.95485714163934,12.7943024674937
M3_clean_raw_RandomForest,M3_clean,"['log10_dq_var', 'peak_c_rate', 'switch_soc', 'qd_initial_median_clean', 'qd_slope_10_100_clean']",5,RandomForest,raw,"{""max_depth"": 2, ""max_features"": 0.7, ""min_samples_leaf"": 3, ""n_estimators"": 100}",10.535773932689889,3.567120386081057,86.59695350228779,10.529782228234675
M3_clean_raw_RandomForest,M3_clean,"['log10_dq_var', 'peak_c_rate', 'switch_soc', 'qd_initial_median_clean', 'qd_slope_10_100_clean']",5,RandomForest,raw,"{""max_depth"": 2, ""max_features"": 0.7, ""min_samples_leaf"": 5, ""n_estimators"": 100}",11.6383341668999,3.9175935457789652,96.43761314625974,11.65167041178811
M3_clean_raw_RandomForest,M3_clean,"['log10_dq_var', 'peak_c_rate', 'switch_soc', 'qd_initial_median_clean', 'qd_slope_10_100_clean']",5,RandomForest,raw,"{""max_depth"": 2, ""max_features"": 1.0, ""min_samples_leaf"": 3, ""n_estimators"": 100}",9.033523661074579,3.1964594108616313,74.7502788043073,9.084819341936528
M3_clean_raw_RandomForest,M3_clean,"['log10_dq_var', 'peak_c_rate', 'switch_soc', 'qd_initial_median_clean', 'qd_slope_10_100_clean']",5,RandomForest,raw,"{""max_depth"": 2, ""max_features"": 1.0, ""min_samples_leaf"": 5, ""n_estimators"": 100}",10.295624840568319,3.6878365498177668,85.78642661664209,10.364242528702091
M3_clean_raw_RandomForest,M3_clean,"['log10_dq_var', 'peak_c_rate', 'switch_soc', 'qd_initial_median_clean', 'qd_slope_10_100_clean']",5,RandomForest,raw,"{""max_depth"": 3, ""max_features"": 0.7, ""min_samples_leaf"": 3, ""n_estimators"": 100}",9.890783992897866,3.6410630850437773,81.53698684767616,9.899375976449026
M3_clean_raw_RandomForest,M3_clean,"['log10_dq_var', 'peak_c_rate', 'switch_soc', 'qd_initial_median_clean', 'qd_slope_10_100_clean']",5,RandomForest,raw,"{""max_depth"": 3, ""max_features"": 0.7, ""min_samples_leaf"": 5, ""n_estimators"": 100}",11.639240398962778,3.900574281317057,96.48346346412002,11.65341799622977
M3_clean_raw_RandomForest,M3_clean,"['log10_dq_var', 'peak_c_rate', 'switch_soc', 'qd_initial_median_clean', 'qd_slope_10_100_clean']",5,RandomForest,raw,"{""max_depth"": 3, ""max_features"": 1.0, ""min_samples_leaf"": 3, ""n_estimators"": 100}",8.921650886943945,3.71324024728655,74.14147038348558,8.973440214195143
M3_clean_raw_RandomForest,M3_clean,"['log10_dq_var', 'peak_c_rate', 'switch_soc', 'qd_initial_median_clean', 'qd_slope_10_100_clean']",5,RandomForest,raw,"{""max_depth"": 3, ""max_features"": 1.0, ""min_samples_leaf"": 5, ""n_estimators"": 100}",10.293580102485214,3.683080695243574,85.77346817560831,10.361894787040002
M3_clean_raw_XGBoost,M3_clean,"['log10_dq_var', 'peak_c_rate', 'switch_soc', 'qd_initial_median_clean', 'qd_slope_10_100_clean']",5,XGBoost,raw,"{""learning_rate"": 0.03, ""max_depth"": 1, ""min_child_weight"": 5, ""n_estimators"": 60, ""reg_lambda"": 10.0}",12.924072910918193,5.530744346779579,105.89805908203125,12.857403930326722
M3_clean_raw_XGBoost,M3_clean,"['log10_dq_var', 'peak_c_rate', 'switch_soc', 'qd_initial_median_clean', 'qd_slope_10_100_clean']",5,XGBoost,raw,"{""learning_rate"": 0.03, ""max_depth"": 1, ""min_child_weight"": 5, ""n_estimators"": 60, ""reg_lambda"": 30.0}",14.667296720875985,6.123656553598969,119.11715523856026,14.573350215028185
M3_clean_raw_XGBoost,M3_clean,"['log10_dq_var', 'peak_c_rate', 'switch_soc', 'qd_initial_median_clean', 'qd_slope_10_100_clean']",5,XGBoost,raw,"{""learning_rate"": 0.03, ""max_depth"": 1, ""min_child_weight"": 5, ""n_estimators"": 120, ""reg_lambda"": 10.0}",10.846920574168864,4.801847935746022,88.90868072509765,10.799167229833651
M3_clean_raw_XGBoost,M3_clean,"['log10_dq_var', 'peak_c_rate', 'switch_soc', 'qd_initial_median_clean', 'qd_slope_10_100_clean']",5,XGBoost,raw,"{""learning_rate"": 0.03, ""max_depth"": 1, ""min_child_weight"": 5, ""n_estimators"": 120, ""reg_lambda"": 30.0}",12.626898782662746,5.52361371314634,104.06609758649554,12.574466730649863
M3_clean_raw_XGBoost,M3_clean,"['log10_dq_var', 'peak_c_rate', 'switch_soc', 'qd_initial_median_clean', 'qd_slope_10_100_clean']",5,XGBoost,raw,"{""learning_rate"": 0.03, ""max_depth"": 2, ""min_child_weight"": 5, ""n_estimators"": 60, ""reg_lambda"": 10.0}",12.190586711225482,5.474112533932689,100.65687909807477,12.111276464424028
M3_clean_raw_XGBoost,M3_clean,"['log10_dq_var', 'peak_c_rate', 'switch_soc', 'qd_initial_median_clean', 'qd_slope_10_100_clean']",5,XGBoost,raw,"{""learning_rate"": 0.03, ""max_depth"": 2, ""min_child_weight"": 5, ""n_estimators"": 60, ""reg_lambda"": 30.0}",14.458234971804993,6.072903400779986,118.19031328473773,14.365690800767611
M3_clean_raw_XGBoost,M3_clean,"['log10_dq_var', 'peak_c_rate', 'switch_soc', 'qd_initial_median_clean', 'qd_slope_10_100_clean']",5,XGBoost,raw,"{""learning_rate"": 0.03, ""max_depth"": 2, ""min_child_weight"": 5, ""n_estimators"": 120, ""reg_lambda"": 10.0}",11.05647838854318,4.73452894979563,91.04741908482143,10.993014815058007
M3_clean_raw_XGBoost,M3_clean,"['log10_dq_var', 'peak_c_rate', 'switch_soc', 'qd_initial_median_clean', 'qd_slope_10_100_clean']",5,XGBoost,raw,"{""learning_rate"": 0.03, ""max_depth"": 2, ""min_child_weight"": 5, ""n_estimators"": 120, ""reg_lambda"": 30.0}",12.398576298411758,5.586325799316586,103.64016287667411,12.337823039143556
M3_clean_raw_LightGBM,M3_clean,"['log10_dq_var', 'peak_c_rate', 'switch_soc', 'qd_initial_median_clean', 'qd_slope_10_100_clean']",5,LightGBM,raw,"{""learning_rate"": 0.03, ""max_depth"": 2, ""min_child_samples"": 5, ""n_estimators"": 60, ""num_leaves"": 3, ""reg_lambda"": 10.0}",12.847460093323368,5.402592070772322,105.9992278210226,12.79444216531267
M3_clean_raw_LightGBM,M3_clean,"['log10_dq_var', 'peak_c_rate', 'switch_soc', 'qd_initial_median_clean', 'qd_slope_10_100_clean']",5,LightGBM,raw,"{""learning_rate"": 0.03, ""max_depth"": 2, ""min_child_samples"": 5, ""n_estimators"": 60, ""num_leaves"": 4, ""reg_lambda"": 10.0}",13.107317516469465,5.6209660849567955,108.77729624685053,13.047081326704706
M3_clean_raw_LightGBM,M3_clean,"['log10_dq_var', 'peak_c_rate', 'switch_soc', 'qd_initial_median_clean', 'qd_slope_10_100_clean']",5,LightGBM,raw,"{""learning_rate"": 0.03, ""max_depth"": 2, ""min_child_samples"": 5, ""n_estimators"": 120, ""num_leaves"": 3, ""reg_lambda"": 10.0}",11.275656028959553,4.488690992984093,93.8400414463078,11.254400101188471
M3_clean_raw_LightGBM,M3_clean,"['log10_dq_var', 'peak_c_rate', 'switch_soc', 'qd_initial_median_clean', 'qd_slope_10_100_clean']",5,LightGBM,raw,"{""learning_rate"": 0.03, ""max_depth"": 2, ""min_child_samples"": 5, ""n_estimators"": 120, ""num_leaves"": 4, ""reg_lambda"": 10.0}",11.48779285984164,4.512873737813385,95.94429735474269,11.460348972198336
M3_clean_raw_LightGBM,M3_clean,"['log10_dq_var', 'peak_c_rate', 'switch_soc', 'qd_initial_median_clean', 'qd_slope_10_100_clean']",5,LightGBM,raw,"{""learning_rate"": 0.03, ""max_depth"": 2, ""min_child_samples"": 10, ""n_estimators"": 60, ""num_leaves"": 3, ""reg_lambda"": 10.0}",12.968473175747175,5.179833131609776,106.22070623200852,12.901770620500717
M3_clean_raw_LightGBM,M3_clean,"['log10_dq_var', 'peak_c_rate', 'switch_soc', 'qd_initial_median_clean', 'qd_slope_10_100_clean']",5,LightGBM,raw,"{""learning_rate"": 0.03, ""max_depth"": 2, ""min_child_samples"": 10, ""n_estimators"": 60, ""num_leaves"": 4, ""reg_lambda"": 10.0}",12.968473175747175,5.179833131609776,106.22070623200852,12.901770620500717
M3_clean_raw_LightGBM,M3_clean,"['log10_dq_var', 'peak_c_rate', 'switch_soc', 'qd_initial_median_clean', 'qd_slope_10_100_clean']",5,LightGBM,raw,"{""learning_rate"": 0.03, ""max_depth"": 2, ""min_child_samples"": 10, ""n_estimators"": 120, ""num_leaves"": 3, ""reg_lambda"": 10.0}",11.956842930730192,4.474241016871289,99.04095794175261,11.927059158821438
M3_clean_raw_LightGBM,M3_clean,"['log10_dq_var', 'peak_c_rate', 'switch_soc', 'qd_initial_median_clean', 'qd_slope_10_100_clean']",5,LightGBM,raw,"{""learning_rate"": 0.03, ""max_depth"": 2, ""min_child_samples"": 10, ""n_estimators"": 120, ""num_leaves"": 4, ""reg_lambda"": 10.0}",11.956842930730192,4.474241016871289,99.04095794175261,11.927059158821438
M3_clean_log10_Linear,M3_clean,"['log10_dq_var', 'peak_c_rate', 'switch_soc', 'qd_initial_median_clean', 'qd_slope_10_100_clean']",5,Linear,log10,{},8.701555980947338,3.421756632140484,81.30801477040532,8.611211190545347
M3_clean_log10_Ridge,M3_clean,"['log10_dq_var', 'peak_c_rate', 'switch_soc', 'qd_initial_median_clean', 'qd_slope_10_100_clean']",5,Ridge,log10,"{""alpha"": 0.01}",8.694705250189974,3.413951119944103,81.24421167954628,8.604693447382806
M3_clean_log10_Ridge,M3_clean,"['log10_dq_var', 'peak_c_rate', 'switch_soc', 'qd_initial_median_clean', 'qd_slope_10_100_clean']",5,Ridge,log10,"{""alpha"": 0.1}",8.649554068968575,3.348823243587261,80.77459440920934,8.56200808151349
M3_clean_log10_Ridge,M3_clean,"['log10_dq_var', 'peak_c_rate', 'switch_soc', 'qd_initial_median_clean', 'qd_slope_10_100_clean']",5,Ridge,log10,"{""alpha"": 1.0}",8.473589628218438,2.7049657940024163,78.33500500892873,8.400846812711729
M3_clean_log10_Ridge,M3_clean,"['log10_dq_var', 'peak_c_rate', 'switch_soc', 'qd_initial_median_clean', 'qd_slope_10_100_clean']",5,Ridge,log10,"{""alpha"": 10.0}",8.868770349925523,1.3832792464386041,77.10904220567458,8.829768365494557
M3_clean_log10_Ridge,M3_clean,"['log10_dq_var', 'peak_c_rate', 'switch_soc', 'qd_initial_median_clean', 'qd_slope_10_100_clean']",5,Ridge,log10,"{""alpha"": 100.0}",14.178585350236585,2.012646676818337,118.07123450930928,14.108506764997678
M3_clean_log10_ElasticNet,M3_clean,"['log10_dq_var', 'peak_c_rate', 'switch_soc', 'qd_initial_median_clean', 'qd_slope_10_100_clean']",5,ElasticNet,log10,"{""alpha"": 0.0001, ""l1_ratio"": 0.2}",8.69368448048201,3.4101511283275605,81.2481482295313,8.603785153817437
M3_clean_log10_ElasticNet,M3_clean,"['log10_dq_var', 'peak_c_rate', 'switch_soc', 'qd_initial_median_clean', 'qd_slope_10_100_clean']",5,ElasticNet,log10,"{""alpha"": 0.0001, ""l1_ratio"": 0.8}",8.676074925437323,3.3821136953409634,81.12439648803397,8.58722410736623
M3_clean_log10_ElasticNet,M3_clean,"['log10_dq_var', 'peak_c_rate', 'switch_soc', 'qd_initial_median_clean', 'qd_slope_10_100_clean']",5,ElasticNet,log10,"{""alpha"": 0.01, ""l1_ratio"": 0.2}",8.849794375863379,2.930829664517363,81.88412081340155,8.795511634528307
M3_clean_log10_ElasticNet,M3_clean,"['log10_dq_var', 'peak_c_rate', 'switch_soc', 'qd_initial_median_clean', 'qd_slope_10_100_clean']",5,ElasticNet,log10,"{""alpha"": 0.01, ""l1_ratio"": 0.8}",10.212460710847116,2.840332259593176,90.68831783960502,10.15865514481158
M3_clean_log10_ElasticNet,M3_clean,"['log10_dq_var', 'peak_c_rate', 'switch_soc', 'qd_initial_median_clean', 'qd_slope_10_100_clean']",5,ElasticNet,log10,"{""alpha"": 1.0, ""l1_ratio"": 0.2}",19.064456278421762,5.485704014074685,156.5351563753413,18.938384723636158
M3_clean_log10_ElasticNet,M3_clean,"['log10_dq_var', 'peak_c_rate', 'switch_soc', 'qd_initial_median_clean', 'qd_slope_10_100_clean']",5,ElasticNet,log10,"{""alpha"": 1.0, ""l1_ratio"": 0.8}",19.064456278421762,5.485704014074685,156.5351563753413,18.938384723636158
M3_clean_log10_ElasticNet,M3_clean,"['log10_dq_var', 'peak_c_rate', 'switch_soc', 'qd_initial_median_clean', 'qd_slope_10_100_clean']",5,ElasticNet,log10,"{""alpha"": 10.0, ""l1_ratio"": 0.2}",19.064456278421762,5.485704014074685,156.5351563753413,18.938384723636158
M3_clean_log10_ElasticNet,M3_clean,"['log10_dq_var', 'peak_c_rate', 'switch_soc', 'qd_initial_median_clean', 'qd_slope_10_100_clean']",5,ElasticNet,log10,"{""alpha"": 10.0, ""l1_ratio"": 0.8}",19.064456278421762,5.485704014074685,156.5351563753413,18.938384723636158
M3_clean_log10_RandomForest,M3_clean,"['log10_dq_var', 'peak_c_rate', 'switch_soc', 'qd_initial_median_clean', 'qd_slope_10_100_clean']",5,RandomForest,log10,"{""max_depth"": 2, ""max_features"": 0.7, ""min_samples_leaf"": 3, ""n_estimators"": 100}",10.220394035163691,3.4718862340512215,86.06145903872557,10.211480262270973
M3_clean_log10_RandomForest,M3_clean,"['log10_dq_var', 'peak_c_rate', 'switch_soc', 'qd_initial_median_clean', 'qd_slope_10_100_clean']",5,RandomForest,log10,"{""max_depth"": 2, ""max_features"": 0.7, ""min_samples_leaf"": 5, ""n_estimators"": 100}",11.118750398564115,3.6577655945002157,93.71542669595644,11.11249917670641
M3_clean_log10_RandomForest,M3_clean,"['log10_dq_var', 'peak_c_rate', 'switch_soc', 'qd_initial_median_clean', 'qd_slope_10_100_clean']",5,RandomForest,log10,"{""max_depth"": 2, ""max_features"": 1.0, ""min_samples_leaf"": 3, ""n_estimators"": 100}",8.546993450421585,3.391885363593098,71.80997815721055,8.60002602941517
M3_clean_log10_RandomForest,M3_clean,"['log10_dq_var', 'peak_c_rate', 'switch_soc', 'qd_initial_median_clean', 'qd_slope_10_100_clean']",5,RandomForest,log10,"{""max_depth"": 2, ""max_features"": 1.0, ""min_samples_leaf"": 5, ""n_estimators"": 100}",10.07760983473556,3.7922827061826494,84.88673356710984,10.142178619844143
M3_clean_log10_RandomForest,M3_clean,"['log10_dq_var', 'peak_c_rate', 'switch_soc', 'qd_initial_median_clean', 'qd_slope_10_100_clean']",5,RandomForest,log10,"{""max_depth"": 3, ""max_features"": 0.7, ""min_samples_leaf"": 3, ""n_estimators"": 100}",9.793433568987993,3.5007995505662373,82.16658014847283,9.791553609650943
M3_clean_log10_RandomForest,M3_clean,"['log10_dq_var', 'peak_c_rate', 'switch_soc', 'qd_initial_median_clean', 'qd_slope_10_100_clean']",5,RandomForest,log10,"{""max_depth"": 3, ""max_features"": 0.7, ""min_samples_leaf"": 5, ""n_estimators"": 100}",11.112810526586514,3.6285226163770696,93.68181498960915,11.105820649940867
M3_clean_log10_RandomForest,M3_clean,"['log10_dq_var', 'peak_c_rate', 'switch_soc', 'qd_initial_median_clean', 'qd_slope_10_100_clean']",5,RandomForest,log10,"{""max_depth"": 3, ""max_features"": 1.0, ""min_samples_leaf"": 3, ""n_estimators"": 100}",8.533435639400619,3.6839036355966868,71.8164310171934,8.585027517101897
M3_clean_log10_RandomForest,M3_clean,"['log10_dq_var', 'peak_c_rate', 'switch_soc', 'qd_initial_median_clean', 'qd_slope_10_100_clean']",5,RandomForest,log10,"{""max_depth"": 3, ""max_features"": 1.0, ""min_samples_leaf"": 5, ""n_estimators"": 100}",10.078142289878148,3.7898073865487825,84.89621485505232,10.142696284566103
M3_clean_log10_XGBoost,M3_clean,"['log10_dq_var', 'peak_c_rate', 'switch_soc', 'qd_initial_median_clean', 'qd_slope_10_100_clean']",5,XGBoost,log10,"{""learning_rate"": 0.03, ""max_depth"": 1, ""min_child_weight"": 5, ""n_estimators"": 60, ""reg_lambda"": 10.0}",12.43049487200307,5.647919284505081,104.57420828683034,12.37365128129015
M3_clean_log10_XGBoost,M3_clean,"['log10_dq_var', 'peak_c_rate', 'switch_soc', 'qd_initial_median_clean', 'qd_slope_10_100_clean']",5,XGBoost,log10,"{""learning_rate"": 0.03, ""max_depth"": 1, ""min_child_weight"": 5, ""n_estimators"": 60, ""reg_lambda"": 30.0}",13.855902027241934,6.28234886316852,115.31435764857702,13.744157789659905
M3_clean_log10_XGBoost,M3_clean,"['log10_dq_var', 'peak_c_rate', 'switch_soc', 'qd_initial_median_clean', 'qd_slope_10_100_clean']",5,XGBoost,log10,"{""learning_rate"": 0.03, ""max_depth"": 1, ""min_child_weight"": 5, ""n_estimators"": 120, ""reg_lambda"": 10.0}",11.027001190718831,4.7413603719239195,92.08407897949219,10.98373012274335
M3_clean_log10_XGBoost,M3_clean,"['log10_dq_var', 'peak_c_rate', 'switch_soc', 'qd_initial_median_clean', 'qd_slope_10_100_clean']",5,XGBoost,log10,"{""learning_rate"": 0.03, ""max_depth"": 1, ""min_child_weight"": 5, ""n_estimators"": 120, ""reg_lambda"": 30.0}",12.14607169750367,5.660747571275604,102.42925698416573,12.096135972197589
M3_clean_log10_XGBoost,M3_clean,"['log10_dq_var', 'peak_c_rate', 'switch_soc', 'qd_initial_median_clean', 'qd_slope_10_100_clean']",5,XGBoost,log10,"{""learning_rate"": 0.03, ""max_depth"": 2, ""min_child_weight"": 5, ""n_estimators"": 60, ""reg_lambda"": 10.0}",12.257886808050383,5.5896139365799655,103.35851484026227,12.1842984881158
M3_clean_log10_XGBoost,M3_clean,"['log10_dq_var', 'peak_c_rate', 'switch_soc', 'qd_initial_median_clean', 'qd_slope_10_100_clean']",5,XGBoost,log10,"{""learning_rate"": 0.03, ""max_depth"": 2, ""min_child_weight"": 5, ""n_estimators"": 60, ""reg_lambda"": 30.0}",13.912086227403941,6.153655291944251,116.42029571533203,13.806926014142912
M3_clean_log10_XGBoost,M3_clean,"['log10_dq_var', 'peak_c_rate', 'switch_soc', 'qd_initial_median_clean', 'qd_slope_10_100_clean']",5,XGBoost,log10,"{""learning_rate"": 0.03, ""max_depth"": 2, ""min_child_weight"": 5, ""n_estimators"": 120, ""reg_lambda"": 10.0}",11.198935761276614,5.115174131799971,93.49761461530412,11.136187252998754
M3_clean_log10_XGBoost,M3_clean,"['log10_dq_var', 'peak_c_rate', 'switch_soc', 'qd_initial_median_clean', 'qd_slope_10_100_clean']",5,XGBoost,log10,"{""learning_rate"": 0.03, ""max_depth"": 2, ""min_child_weight"": 5, ""n_estimators"": 120, ""reg_lambda"": 30.0}",12.101391307679455,5.631407380235214,102.91816973005022,12.048881267146866
M3_clean_log10_LightGBM,M3_clean,"['log10_dq_var', 'peak_c_rate', 'switch_soc', 'qd_initial_median_clean', 'qd_slope_10_100_clean']",5,LightGBM,log10,"{""learning_rate"": 0.03, ""max_depth"": 2, ""min_child_samples"": 5, ""n_estimators"": 60, ""num_leaves"": 3, ""reg_lambda"": 10.0}",12.429317364937521,5.157343378688417,104.70784809916617,12.364296249708499
M3_clean_log10_LightGBM,M3_clean,"['log10_dq_var', 'peak_c_rate', 'switch_soc', 'qd_initial_median_clean', 'qd_slope_10_100_clean']",5,LightGBM,log10,"{""learning_rate"": 0.03, ""max_depth"": 2, ""min_child_samples"": 5, ""n_estimators"": 60, ""num_leaves"": 4, ""reg_lambda"": 10.0}",12.829673342607938,5.351456101418785,108.25708886723166,12.759023102273462
M3_clean_log10_LightGBM,M3_clean,"['log10_dq_var', 'peak_c_rate', 'switch_soc', 'qd_initial_median_clean', 'qd_slope_10_100_clean']",5,LightGBM,log10,"{""learning_rate"": 0.03, ""max_depth"": 2, ""min_child_samples"": 5, ""n_estimators"": 120, ""num_leaves"": 3, ""reg_lambda"": 10.0}",11.07809514567094,4.135121942471649,93.37833326063205,11.05729640911508
M3_clean_log10_LightGBM,M3_clean,"['log10_dq_var', 'peak_c_rate', 'switch_soc', 'qd_initial_median_clean', 'qd_slope_10_100_clean']",5,LightGBM,log10,"{""learning_rate"": 0.03, ""max_depth"": 2, ""min_child_samples"": 5, ""n_estimators"": 120, ""num_leaves"": 4, ""reg_lambda"": 10.0}",11.405401331237078,4.436235283986884,96.36641480877346,11.38054893789768
M3_clean_log10_LightGBM,M3_clean,"['log10_dq_var', 'peak_c_rate', 'switch_soc', 'qd_initial_median_clean', 'qd_slope_10_100_clean']",5,LightGBM,log10,"{""learning_rate"": 0.03, ""max_depth"": 2, ""min_child_samples"": 10, ""n_estimators"": 60, ""num_leaves"": 3, ""reg_lambda"": 10.0}",12.285604145341063,5.204491002111996,102.94542938369632,12.214259900771635
M3_clean_log10_LightGBM,M3_clean,"['log10_dq_var', 'peak_c_rate', 'switch_soc', 'qd_initial_median_clean', 'qd_slope_10_100_clean']",5,LightGBM,log10,"{""learning_rate"": 0.03, ""max_depth"": 2, ""min_child_samples"": 10, ""n_estimators"": 60, ""num_leaves"": 4, ""reg_lambda"": 10.0}",12.285604145341063,5.204491002111996,102.94542938369632,12.214259900771635
M3_clean_log10_LightGBM,M3_clean,"['log10_dq_var', 'peak_c_rate', 'switch_soc', 'qd_initial_median_clean', 'qd_slope_10_100_clean']",5,LightGBM,log10,"{""learning_rate"": 0.03, ""max_depth"": 2, ""min_child_samples"": 10, ""n_estimators"": 120, ""num_leaves"": 3, ""reg_lambda"": 10.0}",11.72016753880649,4.208681488151746,98.35550502560818,11.687983152709409
M3_clean_log10_LightGBM,M3_clean,"['log10_dq_var', 'peak_c_rate', 'switch_soc', 'qd_initial_median_clean', 'qd_slope_10_100_clean']",5,LightGBM,log10,"{""learning_rate"": 0.03, ""max_depth"": 2, ""min_child_samples"": 10, ""n_estimators"": 120, ""num_leaves"": 4, ""reg_lambda"": 10.0}",11.72016753880649,4.208681488151746,98.35550502560818,11.687983152709409
M4_clean_raw_Linear,M4_clean,"['log10_dq_var', 'peak_c_rate', 'switch_soc', 'qd_initial_median_clean', 'qd_slope_10_100_clean', 'tavg_median_100', 'ir_median_100']",7,Linear,raw,{},11.267371613698131,5.77495628017068,92.90939981733257,11.111517846762672
M4_clean_raw_Ridge,M4_clean,"['log10_dq_var', 'peak_c_rate', 'switch_soc', 'qd_initial_median_clean', 'qd_slope_10_100_clean', 'tavg_median_100', 'ir_median_100']",7,Ridge,raw,"{""alpha"": 0.01}",11.255143361625546,5.756900413932876,92.80924203573954,11.09965444256965
M4_clean_raw_Ridge,M4_clean,"['log10_dq_var', 'peak_c_rate', 'switch_soc', 'qd_initial_median_clean', 'qd_slope_10_100_clean', 'tavg_median_100', 'ir_median_100']",7,Ridge,raw,"{""alpha"": 0.1}",11.147910520439689,5.600832441277364,91.93179280626194,10.995605725926467
M4_clean_raw_Ridge,M4_clean,"['log10_dq_var', 'peak_c_rate', 'switch_soc', 'qd_initial_median_clean', 'qd_slope_10_100_clean', 'tavg_median_100', 'ir_median_100']",7,Ridge,raw,"{""alpha"": 1.0}",10.343391205760536,4.419096152848393,85.43275897301069,10.216780038978063
M4_clean_raw_Ridge,M4_clean,"['log10_dq_var', 'peak_c_rate', 'switch_soc', 'qd_initial_median_clean', 'qd_slope_10_100_clean', 'tavg_median_100', 'ir_median_100']",7,Ridge,raw,"{""alpha"": 10.0}",9.617222798318569,1.5050582095200284,78.51196028259845,9.551943862476527
M4_clean_raw_Ridge,M4_clean,"['log10_dq_var', 'peak_c_rate', 'switch_soc', 'qd_initial_median_clean', 'qd_slope_10_100_clean', 'tavg_median_100', 'ir_median_100']",7,Ridge,raw,"{""alpha"": 100.0}",14.67944617275362,1.9121348579791444,118.41077065375414,14.5900972519127
M4_clean_raw_ElasticNet,M4_clean,"['log10_dq_var', 'peak_c_rate', 'switch_soc', 'qd_initial_median_clean', 'qd_slope_10_100_clean', 'tavg_median_100', 'ir_median_100']",7,ElasticNet,raw,"{""alpha"": 0.0001, ""l1_ratio"": 0.2}",11.264512626410168,5.77073611660945,92.88600478091588,11.108744058844836
M4_clean_raw_ElasticNet,M4_clean,"['log10_dq_var', 'peak_c_rate', 'switch_soc', 'qd_initial_median_clean', 'qd_slope_10_100_clean', 'tavg_median_100', 'ir_median_100']",7,ElasticNet,raw,"{""alpha"": 0.0001, ""l1_ratio"": 0.8}",11.266601106219316,5.773826795805587,92.90319104276682,11.110770565058967
M4_clean_raw_ElasticNet,M4_clean,"['log10_dq_var', 'peak_c_rate', 'switch_soc', 'qd_initial_median_clean', 'qd_slope_10_100_clean', 'tavg_median_100', 'ir_median_100']",7,ElasticNet,raw,"{""alpha"": 0.01, ""l1_ratio"": 0.2}",10.997556140432414,5.38910522021043,90.70640924794813,10.849667338633457
M4_clean_raw_ElasticNet,M4_clean,"['log10_dq_var', 'peak_c_rate', 'switch_soc', 'qd_initial_median_clean', 'qd_slope_10_100_clean', 'tavg_median_100', 'ir_median_100']",7,ElasticNet,raw,"{""alpha"": 0.01, ""l1_ratio"": 0.8}",11.191445798786793,5.664575369103563,92.2979352296741,11.037873841097795
M4_clean_raw_ElasticNet,M4_clean,"['log10_dq_var', 'peak_c_rate', 'switch_soc', 'qd_initial_median_clean', 'qd_slope_10_100_clean', 'tavg_median_100', 'ir_median_100']",7,ElasticNet,raw,"{""alpha"": 1.0, ""l1_ratio"": 0.2}",10.40678418937669,3.0821476571603976,84.43039401130048,10.352948384580547
M4_clean_raw_ElasticNet,M4_clean,"['log10_dq_var', 'peak_c_rate', 'switch_soc', 'qd_initial_median_clean', 'qd_slope_10_100_clean', 'tavg_median_100', 'ir_median_100']",7,ElasticNet,raw,"{""alpha"": 1.0, ""l1_ratio"": 0.8}",9.128109604551355,2.004443159638569,75.60495172644775,9.06214916177095
M4_clean_raw_ElasticNet,M4_clean,"['log10_dq_var', 'peak_c_rate', 'switch_soc', 'qd_initial_median_clean', 'qd_slope_10_100_clean', 'tavg_median_100', 'ir_median_100']",7,ElasticNet,raw,"{""alpha"": 10.0, ""l1_ratio"": 0.2}",16.75948653065273,3.430158243420673,134.65216512441333,16.65393409202273
M4_clean_raw_ElasticNet,M4_clean,"['log10_dq_var', 'peak_c_rate', 'switch_soc', 'qd_initial_median_clean', 'qd_slope_10_100_clean', 'tavg_median_100', 'ir_median_100']",7,ElasticNet,raw,"{""alpha"": 10.0, ""l1_ratio"": 0.8}",13.312068703615816,1.7032515709620961,107.63692823681534,13.236885644075153
M4_clean_raw_RandomForest,M4_clean,"['log10_dq_var', 'peak_c_rate', 'switch_soc', 'qd_initial_median_clean', 'qd_slope_10_100_clean', 'tavg_median_100', 'ir_median_100']",7,RandomForest,raw,"{""max_depth"": 2, ""max_features"": 0.7, ""min_samples_leaf"": 3, ""n_estimators"": 100}",11.286564685692916,3.092102130674799,91.80925723151611,11.232901110751408
M4_clean_raw_RandomForest,M4_clean,"['log10_dq_var', 'peak_c_rate', 'switch_soc', 'qd_initial_median_clean', 'qd_slope_10_100_clean', 'tavg_median_100', 'ir_median_100']",7,RandomForest,raw,"{""max_depth"": 2, ""max_features"": 0.7, ""min_samples_leaf"": 5, ""n_estimators"": 100}",11.943337694794137,3.5459298243486943,98.80176081627503,11.924522847883386
M4_clean_raw_RandomForest,M4_clean,"['log10_dq_var', 'peak_c_rate', 'switch_soc', 'qd_initial_median_clean', 'qd_slope_10_100_clean', 'tavg_median_100', 'ir_median_100']",7,RandomForest,raw,"{""max_depth"": 2, ""max_features"": 1.0, ""min_samples_leaf"": 3, ""n_estimators"": 100}",8.859751852209293,3.358568980905863,72.91005952875969,8.909190089317969
M4_clean_raw_RandomForest,M4_clean,"['log10_dq_var', 'peak_c_rate', 'switch_soc', 'qd_initial_median_clean', 'qd_slope_10_100_clean', 'tavg_median_100', 'ir_median_100']",7,RandomForest,raw,"{""max_depth"": 2, ""max_features"": 1.0, ""min_samples_leaf"": 5, ""n_estimators"": 100}",10.227503584797963,3.7133718195677523,85.27579364465375,10.294575117618065
M4_clean_raw_RandomForest,M4_clean,"['log10_dq_var', 'peak_c_rate', 'switch_soc', 'qd_initial_median_clean', 'qd_slope_10_100_clean', 'tavg_median_100', 'ir_median_100']",7,RandomForest,raw,"{""max_depth"": 3, ""max_features"": 0.7, ""min_samples_leaf"": 3, ""n_estimators"": 100}",10.717609548739592,3.1735601284001467,87.44621802988675,10.680943428732533
M4_clean_raw_RandomForest,M4_clean,"['log10_dq_var', 'peak_c_rate', 'switch_soc', 'qd_initial_median_clean', 'qd_slope_10_100_clean', 'tavg_median_100', 'ir_median_100']",7,RandomForest,raw,"{""max_depth"": 3, ""max_features"": 0.7, ""min_samples_leaf"": 5, ""n_estimators"": 100}",11.88174670479901,3.5470410319377366,98.30921737852698,11.863543912856445
M4_clean_raw_RandomForest,M4_clean,"['log10_dq_var', 'peak_c_rate', 'switch_soc', 'qd_initial_median_clean', 'qd_slope_10_100_clean', 'tavg_median_100', 'ir_median_100']",7,RandomForest,raw,"{""max_depth"": 3, ""max_features"": 1.0, ""min_samples_leaf"": 3, ""n_estimators"": 100}",8.735861983488345,3.7391876916704656,72.14602996329067,8.785241623689162
M4_clean_raw_RandomForest,M4_clean,"['log10_dq_var', 'peak_c_rate', 'switch_soc', 'qd_initial_median_clean', 'qd_slope_10_100_clean', 'tavg_median_100', 'ir_median_100']",7,RandomForest,raw,"{""max_depth"": 3, ""max_features"": 1.0, ""min_samples_leaf"": 5, ""n_estimators"": 100}",10.224160899074796,3.709056756423009,85.25416694965173,10.29096548241702
M4_clean_raw_XGBoost,M4_clean,"['log10_dq_var', 'peak_c_rate', 'switch_soc', 'qd_initial_median_clean', 'qd_slope_10_100_clean', 'tavg_median_100', 'ir_median_100']",7,XGBoost,raw,"{""learning_rate"": 0.03, ""max_depth"": 1, ""min_child_weight"": 5, ""n_estimators"": 60, ""reg_lambda"": 10.0}",12.958292524391714,5.504294665055508,106.16630684988839,12.890672998981536
M4_clean_raw_XGBoost,M4_clean,"['log10_dq_var', 'peak_c_rate', 'switch_soc', 'qd_initial_median_clean', 'qd_slope_10_100_clean', 'tavg_median_100', 'ir_median_100']",7,XGBoost,raw,"{""learning_rate"": 0.03, ""max_depth"": 1, ""min_child_weight"": 5, ""n_estimators"": 60, ""reg_lambda"": 30.0}",14.667296720875985,6.123656553598969,119.11715523856026,14.573350215028185
M4_clean_raw_XGBoost,M4_clean,"['log10_dq_var', 'peak_c_rate', 'switch_soc', 'qd_initial_median_clean', 'qd_slope_10_100_clean', 'tavg_median_100', 'ir_median_100']",7,XGBoost,raw,"{""learning_rate"": 0.03, ""max_depth"": 1, ""min_child_weight"": 5, ""n_estimators"": 120, ""reg_lambda"": 10.0}",11.14233689451672,4.636247130121905,91.38841814313616,11.090619508404782
M4_clean_raw_XGBoost,M4_clean,"['log10_dq_var', 'peak_c_rate', 'switch_soc', 'qd_initial_median_clean', 'qd_slope_10_100_clean', 'tavg_median_100', 'ir_median_100']",7,XGBoost,raw,"{""learning_rate"": 0.03, ""max_depth"": 1, ""min_child_weight"": 5, ""n_estimators"": 120, ""reg_lambda"": 30.0}",12.676552487766347,5.48556564304353,104.46896100725446,12.62274116616725
M4_clean_raw_XGBoost,M4_clean,"['log10_dq_var', 'peak_c_rate', 'switch_soc', 'qd_initial_median_clean', 'qd_slope_10_100_clean', 'tavg_median_100', 'ir_median_100']",7,XGBoost,raw,"{""learning_rate"": 0.03, ""max_depth"": 2, ""min_child_weight"": 5, ""n_estimators"": 60, ""reg_lambda"": 10.0}",12.420541358188267,5.365398583721424,102.7192624773298,12.339226315580737
M4_clean_raw_XGBoost,M4_clean,"['log10_dq_var', 'peak_c_rate', 'switch_soc', 'qd_initial_median_clean', 'qd_slope_10_100_clean', 'tavg_median_100', 'ir_median_100']",7,XGBoost,raw,"{""learning_rate"": 0.03, ""max_depth"": 2, ""min_child_weight"": 5, ""n_estimators"": 60, ""reg_lambda"": 30.0}",14.65667946408477,6.178047482446867,119.823586164202,14.558622946039613
M4_clean_raw_XGBoost,M4_clean,"['log10_dq_var', 'peak_c_rate', 'switch_soc', 'qd_initial_median_clean', 'qd_slope_10_100_clean', 'tavg_median_100', 'ir_median_100']",7,XGBoost,raw,"{""learning_rate"": 0.03, ""max_depth"": 2, ""min_child_weight"": 5, ""n_estimators"": 120, ""reg_lambda"": 10.0}",11.259681686899233,4.321749841271176,92.56631774902344,11.194615455255562
M4_clean_raw_XGBoost,M4_clean,"['log10_dq_var', 'peak_c_rate', 'switch_soc', 'qd_initial_median_clean', 'qd_slope_10_100_clean', 'tavg_median_100', 'ir_median_100']",7,XGBoost,raw,"{""learning_rate"": 0.03, ""max_depth"": 2, ""min_child_weight"": 5, ""n_estimators"": 120, ""reg_lambda"": 30.0}",12.630414309007563,5.611910703934841,105.61380746023997,12.56373012856444
M4_clean_raw_LightGBM,M4_clean,"['log10_dq_var', 'peak_c_rate', 'switch_soc', 'qd_initial_median_clean', 'qd_slope_10_100_clean', 'tavg_median_100', 'ir_median_100']",7,LightGBM,raw,"{""learning_rate"": 0.03, ""max_depth"": 2, ""min_child_samples"": 5, ""n_estimators"": 60, ""num_leaves"": 3, ""reg_lambda"": 10.0}",13.056205695852245,5.157475193601323,107.74921153123964,12.983338729217897
M4_clean_raw_LightGBM,M4_clean,"['log10_dq_var', 'peak_c_rate', 'switch_soc', 'qd_initial_median_clean', 'qd_slope_10_100_clean', 'tavg_median_100', 'ir_median_100']",7,LightGBM,raw,"{""learning_rate"": 0.03, ""max_depth"": 2, ""min_child_samples"": 5, ""n_estimators"": 60, ""num_leaves"": 4, ""reg_lambda"": 10.0}",13.364381006254755,5.3986353132853795,110.84703726433641,13.282953614331447
M4_clean_raw_LightGBM,M4_clean,"['log10_dq_var', 'peak_c_rate', 'switch_soc', 'qd_initial_median_clean', 'qd_slope_10_100_clean', 'tavg_median_100', 'ir_median_100']",7,LightGBM,raw,"{""learning_rate"": 0.03, ""max_depth"": 2, ""min_child_samples"": 5, ""n_estimators"": 120, ""num_leaves"": 3, ""reg_lambda"": 10.0}",11.612817847688385,3.9361304519555635,95.84445737199977,11.556485065005468
M4_clean_raw_LightGBM,M4_clean,"['log10_dq_var', 'peak_c_rate', 'switch_soc', 'qd_initial_median_clean', 'qd_slope_10_100_clean', 'tavg_median_100', 'ir_median_100']",7,LightGBM,raw,"{""learning_rate"": 0.03, ""max_depth"": 2, ""min_child_samples"": 5, ""n_estimators"": 120, ""num_leaves"": 4, ""reg_lambda"": 10.0}",11.904268717615562,4.106966580110611,99.03755177086538,11.836784351721047
M4_clean_raw_LightGBM,M4_clean,"['log10_dq_var', 'peak_c_rate', 'switch_soc', 'qd_initial_median_clean', 'qd_slope_10_100_clean', 'tavg_median_100', 'ir_median_100']",7,LightGBM,raw,"{""learning_rate"": 0.03, ""max_depth"": 2, ""min_child_samples"": 10, ""n_estimators"": 60, ""num_leaves"": 3, ""reg_lambda"": 10.0}",12.999431544738425,5.142896956191975,106.47720251748187,12.931869034797764
M4_clean_raw_LightGBM,M4_clean,"['log10_dq_var', 'peak_c_rate', 'switch_soc', 'qd_initial_median_clean', 'qd_slope_10_100_clean', 'tavg_median_100', 'ir_median_100']",7,LightGBM,raw,"{""learning_rate"": 0.03, ""max_depth"": 2, ""min_child_samples"": 10, ""n_estimators"": 60, ""num_leaves"": 4, ""reg_lambda"": 10.0}",12.999431544738425,5.142896956191975,106.47720251748187,12.931869034797764
M4_clean_raw_LightGBM,M4_clean,"['log10_dq_var', 'peak_c_rate', 'switch_soc', 'qd_initial_median_clean', 'qd_slope_10_100_clean', 'tavg_median_100', 'ir_median_100']",7,LightGBM,raw,"{""learning_rate"": 0.03, ""max_depth"": 2, ""min_child_samples"": 10, ""n_estimators"": 120, ""num_leaves"": 3, ""reg_lambda"": 10.0}",12.183688247879228,4.460083800668034,100.824217539519,12.136683469992473
M4_clean_raw_LightGBM,M4_clean,"['log10_dq_var', 'peak_c_rate', 'switch_soc', 'qd_initial_median_clean', 'qd_slope_10_100_clean', 'tavg_median_100', 'ir_median_100']",7,LightGBM,raw,"{""learning_rate"": 0.03, ""max_depth"": 2, ""min_child_samples"": 10, ""n_estimators"": 120, ""num_leaves"": 4, ""reg_lambda"": 10.0}",12.183688247879228,4.460083800668034,100.824217539519,12.136683469992473
M4_clean_log10_Linear,M4_clean,"['log10_dq_var', 'peak_c_rate', 'switch_soc', 'qd_initial_median_clean', 'qd_slope_10_100_clean', 'tavg_median_100', 'ir_median_100']",7,Linear,log10,{},9.929734720921658,4.71274608024582,88.87802428295961,9.798229269361501
M4_clean_log10_Ridge,M4_clean,"['log10_dq_var', 'peak_c_rate', 'switch_soc', 'qd_initial_median_clean', 'qd_slope_10_100_clean', 'tavg_median_100', 'ir_median_100']",7,Ridge,log10,"{""alpha"": 0.01}",9.921021421335519,4.699423648521608,88.80210274574453,9.789997062180195
M4_clean_log10_Ridge,M4_clean,"['log10_dq_var', 'peak_c_rate', 'switch_soc', 'qd_initial_median_clean', 'qd_slope_10_100_clean', 'tavg_median_100', 'ir_median_100']",7,Ridge,log10,"{""alpha"": 0.1}",9.84434106250191,4.584961299742486,88.13296590887828,9.717474911282107
M4_clean_log10_Ridge,M4_clean,"['log10_dq_var', 'peak_c_rate', 'switch_soc', 'qd_initial_median_clean', 'qd_slope_10_100_clean', 'tavg_median_100', 'ir_median_100']",7,Ridge,log10,"{""alpha"": 1.0}",9.443113804721065,3.8745693616278647,84.02566458933919,9.34050233406708
M4_clean_log10_Ridge,M4_clean,"['log10_dq_var', 'peak_c_rate', 'switch_soc', 'qd_initial_median_clean', 'qd_slope_10_100_clean', 'tavg_median_100', 'ir_median_100']",7,Ridge,log10,"{""alpha"": 10.0}",9.175202903641138,1.3049728136926033,78.88059994863737,9.127429396923386
M4_clean_log10_Ridge,M4_clean,"['log10_dq_var', 'peak_c_rate', 'switch_soc', 'qd_initial_median_clean', 'qd_slope_10_100_clean', 'tavg_median_100', 'ir_median_100']",7,Ridge,log10,"{""alpha"": 100.0}",14.494465660719422,1.8326780351863188,119.43161510665837,14.408690552624279
M4_clean_log10_ElasticNet,M4_clean,"['log10_dq_var', 'peak_c_rate', 'switch_soc', 'qd_initial_median_clean', 'qd_slope_10_100_clean', 'tavg_median_100', 'ir_median_100']",7,ElasticNet,log10,"{""alpha"": 0.0001, ""l1_ratio"": 0.2}",9.913604283610875,4.691640468745475,88.7838400337624,9.78285632294959
M4_clean_log10_ElasticNet,M4_clean,"['log10_dq_var', 'peak_c_rate', 'switch_soc', 'qd_initial_median_clean', 'qd_slope_10_100_clean', 'tavg_median_100', 'ir_median_100']",7,ElasticNet,log10,"{""alpha"": 0.0001, ""l1_ratio"": 0.8}",9.87265850829793,4.639914539044096,88.56658531158473,9.743773527967232
M4_clean_log10_ElasticNet,M4_clean,"['log10_dq_var', 'peak_c_rate', 'switch_soc', 'qd_initial_median_clean', 'qd_slope_10_100_clean', 'tavg_median_100', 'ir_median_100']",7,ElasticNet,log10,"{""alpha"": 0.01, ""l1_ratio"": 0.2}",8.849379734431395,2.982875836167039,82.4225483107933,8.78192193470612
M4_clean_log10_ElasticNet,M4_clean,"['log10_dq_var', 'peak_c_rate', 'switch_soc', 'qd_initial_median_clean', 'qd_slope_10_100_clean', 'tavg_median_100', 'ir_median_100']",7,ElasticNet,log10,"{""alpha"": 0.01, ""l1_ratio"": 0.8}",10.212460710847116,2.840332259593176,90.68831783960502,10.15865514481158
M4_clean_log10_ElasticNet,M4_clean,"['log10_dq_var', 'peak_c_rate', 'switch_soc', 'qd_initial_median_clean', 'qd_slope_10_100_clean', 'tavg_median_100', 'ir_median_100']",7,ElasticNet,log10,"{""alpha"": 1.0, ""l1_ratio"": 0.2}",19.064456278421762,5.485704014074685,156.5351563753413,18.938384723636158
M4_clean_log10_ElasticNet,M4_clean,"['log10_dq_var', 'peak_c_rate', 'switch_soc', 'qd_initial_median_clean', 'qd_slope_10_100_clean', 'tavg_median_100', 'ir_median_100']",7,ElasticNet,log10,"{""alpha"": 1.0, ""l1_ratio"": 0.8}",19.064456278421762,5.485704014074685,156.5351563753413,18.938384723636158
M4_clean_log10_ElasticNet,M4_clean,"['log10_dq_var', 'peak_c_rate', 'switch_soc', 'qd_initial_median_clean', 'qd_slope_10_100_clean', 'tavg_median_100', 'ir_median_100']",7,ElasticNet,log10,"{""alpha"": 10.0, ""l1_ratio"": 0.2}",19.064456278421762,5.485704014074685,156.5351563753413,18.938384723636158
M4_clean_log10_ElasticNet,M4_clean,"['log10_dq_var', 'peak_c_rate', 'switch_soc', 'qd_initial_median_clean', 'qd_slope_10_100_clean', 'tavg_median_100', 'ir_median_100']",7,ElasticNet,log10,"{""alpha"": 10.0, ""l1_ratio"": 0.8}",19.064456278421762,5.485704014074685,156.5351563753413,18.938384723636158
M4_clean_log10_RandomForest,M4_clean,"['log10_dq_var', 'peak_c_rate', 'switch_soc', 'qd_initial_median_clean', 'qd_slope_10_100_clean', 'tavg_median_100', 'ir_median_100']",7,RandomForest,log10,"{""max_depth"": 2, ""max_features"": 0.7, ""min_samples_leaf"": 3, ""n_estimators"": 100}",10.549098586514186,3.2384782161311247,88.1445179905689,10.507531258577142
M4_clean_log10_RandomForest,M4_clean,"['log10_dq_var', 'peak_c_rate', 'switch_soc', 'qd_initial_median_clean', 'qd_slope_10_100_clean', 'tavg_median_100', 'ir_median_100']",7,RandomForest,log10,"{""max_depth"": 2, ""max_features"": 0.7, ""min_samples_leaf"": 5, ""n_estimators"": 100}",11.466723127246718,3.8406026225977286,96.94933021907923,11.430356244350346
M4_clean_log10_RandomForest,M4_clean,"['log10_dq_var', 'peak_c_rate', 'switch_soc', 'qd_initial_median_clean', 'qd_slope_10_100_clean', 'tavg_median_100', 'ir_median_100']",7,RandomForest,log10,"{""max_depth"": 2, ""max_features"": 1.0, ""min_samples_leaf"": 3, ""n_estimators"": 100}",8.603091479211493,3.5143863691207593,72.01203208688574,8.64632044330573
M4_clean_log10_RandomForest,M4_clean,"['log10_dq_var', 'peak_c_rate', 'switch_soc', 'qd_initial_median_clean', 'qd_slope_10_100_clean', 'tavg_median_100', 'ir_median_100']",7,RandomForest,log10,"{""max_depth"": 2, ""max_features"": 1.0, ""min_samples_leaf"": 5, ""n_estimators"": 100}",10.100445833773582,3.829914388870944,85.05601338743568,10.159271022269772
M4_clean_log10_RandomForest,M4_clean,"['log10_dq_var', 'peak_c_rate', 'switch_soc', 'qd_initial_median_clean', 'qd_slope_10_100_clean', 'tavg_median_100', 'ir_median_100']",7,RandomForest,log10,"{""max_depth"": 3, ""max_features"": 0.7, ""min_samples_leaf"": 3, ""n_estimators"": 100}",10.070992474247436,3.3958482309322777,84.32160307196563,10.037617097751092
M4_clean_log10_RandomForest,M4_clean,"['log10_dq_var', 'peak_c_rate', 'switch_soc', 'qd_initial_median_clean', 'qd_slope_10_100_clean', 'tavg_median_100', 'ir_median_100']",7,RandomForest,log10,"{""max_depth"": 3, ""max_features"": 0.7, ""min_samples_leaf"": 5, ""n_estimators"": 100}",11.440613450184287,3.839477317245273,96.7144247135368,11.404971836095207
M4_clean_log10_RandomForest,M4_clean,"['log10_dq_var', 'peak_c_rate', 'switch_soc', 'qd_initial_median_clean', 'qd_slope_10_100_clean', 'tavg_median_100', 'ir_median_100']",7,RandomForest,log10,"{""max_depth"": 3, ""max_features"": 1.0, ""min_samples_leaf"": 3, ""n_estimators"": 100}",8.474917578719381,3.7788632883511966,71.17011410910342,8.521833751837756
M4_clean_log10_RandomForest,M4_clean,"['log10_dq_var', 'peak_c_rate', 'switch_soc', 'qd_initial_median_clean', 'qd_slope_10_100_clean', 'tavg_median_100', 'ir_median_100']",7,RandomForest,log10,"{""max_depth"": 3, ""max_features"": 1.0, ""min_samples_leaf"": 5, ""n_estimators"": 100}",10.101970441590062,3.8268253111326587,85.07482025728515,10.160753279869125
M4_clean_log10_XGBoost,M4_clean,"['log10_dq_var', 'peak_c_rate', 'switch_soc', 'qd_initial_median_clean', 'qd_slope_10_100_clean', 'tavg_median_100', 'ir_median_100']",7,XGBoost,log10,"{""learning_rate"": 0.03, ""max_depth"": 1, ""min_child_weight"": 5, ""n_estimators"": 60, ""reg_lambda"": 10.0}",12.43049487200307,5.647919284505081,104.57420828683034,12.37365128129015
M4_clean_log10_XGBoost,M4_clean,"['log10_dq_var', 'peak_c_rate', 'switch_soc', 'qd_initial_median_clean', 'qd_slope_10_100_clean', 'tavg_median_100', 'ir_median_100']",7,XGBoost,log10,"{""learning_rate"": 0.03, ""max_depth"": 1, ""min_child_weight"": 5, ""n_estimators"": 60, ""reg_lambda"": 30.0}",13.855902027241934,6.28234886316852,115.31435764857702,13.744157789659905
M4_clean_log10_XGBoost,M4_clean,"['log10_dq_var', 'peak_c_rate', 'switch_soc', 'qd_initial_median_clean', 'qd_slope_10_100_clean', 'tavg_median_100', 'ir_median_100']",7,XGBoost,log10,"{""learning_rate"": 0.03, ""max_depth"": 1, ""min_child_weight"": 5, ""n_estimators"": 120, ""reg_lambda"": 10.0}",11.100631152516396,4.699885852730157,92.8957277570452,11.057833063546193
M4_clean_log10_XGBoost,M4_clean,"['log10_dq_var', 'peak_c_rate', 'switch_soc', 'qd_initial_median_clean', 'qd_slope_10_100_clean', 'tavg_median_100', 'ir_median_100']",7,XGBoost,log10,"{""learning_rate"": 0.03, ""max_depth"": 1, ""min_child_weight"": 5, ""n_estimators"": 120, ""reg_lambda"": 30.0}",12.157650247149267,5.651837194750605,102.52609536307197,12.10739289546414
M4_clean_log10_XGBoost,M4_clean,"['log10_dq_var', 'peak_c_rate', 'switch_soc', 'qd_initial_median_clean', 'qd_slope_10_100_clean', 'tavg_median_100', 'ir_median_100']",7,XGBoost,log10,"{""learning_rate"": 0.03, ""max_depth"": 2, ""min_child_weight"": 5, ""n_estimators"": 60, ""reg_lambda"": 10.0}",12.485108616877449,5.618272893954417,105.37878287179129,12.406237822597504
M4_clean_log10_XGBoost,M4_clean,"['log10_dq_var', 'peak_c_rate', 'switch_soc', 'qd_initial_median_clean', 'qd_slope_10_100_clean', 'tavg_median_100', 'ir_median_100']",7,XGBoost,log10,"{""learning_rate"": 0.03, ""max_depth"": 2, ""min_child_weight"": 5, ""n_estimators"": 60, ""reg_lambda"": 30.0}",14.119426074762478,6.318958352649725,118.0631371634347,14.008506421297046
M4_clean_log10_XGBoost,M4_clean,"['log10_dq_var', 'peak_c_rate', 'switch_soc', 'qd_initial_median_clean', 'qd_slope_10_100_clean', 'tavg_median_100', 'ir_median_100']",7,XGBoost,log10,"{""learning_rate"": 0.03, ""max_depth"": 2, ""min_child_weight"": 5, ""n_estimators"": 120, ""reg_lambda"": 10.0}",11.530637585485554,4.67613717497632,96.57137974330358,11.46655996313756
M4_clean_log10_XGBoost,M4_clean,"['log10_dq_var', 'peak_c_rate', 'switch_soc', 'qd_initial_median_clean', 'qd_slope_10_100_clean', 'tavg_median_100', 'ir_median_100']",7,XGBoost,log10,"{""learning_rate"": 0.03, ""max_depth"": 2, ""min_child_weight"": 5, ""n_estimators"": 120, ""reg_lambda"": 30.0}",12.430410387516178,5.759702157177288,105.74155840192523,12.368760928099237
M4_clean_log10_LightGBM,M4_clean,"['log10_dq_var', 'peak_c_rate', 'switch_soc', 'qd_initial_median_clean', 'qd_slope_10_100_clean', 'tavg_median_100', 'ir_median_100']",7,LightGBM,log10,"{""learning_rate"": 0.03, ""max_depth"": 2, ""min_child_samples"": 5, ""n_estimators"": 60, ""num_leaves"": 3, ""reg_lambda"": 10.0}",12.521514174656545,5.069414277295442,105.88039749742283,12.450402272999291
M4_clean_log10_LightGBM,M4_clean,"['log10_dq_var', 'peak_c_rate', 'switch_soc', 'qd_initial_median_clean', 'qd_slope_10_100_clean', 'tavg_median_100', 'ir_median_100']",7,LightGBM,log10,"{""learning_rate"": 0.03, ""max_depth"": 2, ""min_child_samples"": 5, ""n_estimators"": 60, ""num_leaves"": 4, ""reg_lambda"": 10.0}",12.972382010107179,5.2521323156647055,109.76917321102573,12.894584674833986
M4_clean_log10_LightGBM,M4_clean,"['log10_dq_var', 'peak_c_rate', 'switch_soc', 'qd_initial_median_clean', 'qd_slope_10_100_clean', 'tavg_median_100', 'ir_median_100']",7,LightGBM,log10,"{""learning_rate"": 0.03, ""max_depth"": 2, ""min_child_samples"": 5, ""n_estimators"": 120, ""num_leaves"": 3, ""reg_lambda"": 10.0}",11.119191404515233,3.911895386716025,93.9361170174094,11.07556092724853
M4_clean_log10_LightGBM,M4_clean,"['log10_dq_var', 'peak_c_rate', 'switch_soc', 'qd_initial_median_clean', 'qd_slope_10_100_clean', 'tavg_median_100', 'ir_median_100']",7,LightGBM,log10,"{""learning_rate"": 0.03, ""max_depth"": 2, ""min_child_samples"": 5, ""n_estimators"": 120, ""num_leaves"": 4, ""reg_lambda"": 10.0}",11.457648579866973,4.302408113166012,97.16959827937902,11.406571256792256
M4_clean_log10_LightGBM,M4_clean,"['log10_dq_var', 'peak_c_rate', 'switch_soc', 'qd_initial_median_clean', 'qd_slope_10_100_clean', 'tavg_median_100', 'ir_median_100']",7,LightGBM,log10,"{""learning_rate"": 0.03, ""max_depth"": 2, ""min_child_samples"": 10, ""n_estimators"": 60, ""num_leaves"": 3, ""reg_lambda"": 10.0}",12.285604145341063,5.204491002111996,102.94542938369632,12.214259900771635
M4_clean_log10_LightGBM,M4_clean,"['log10_dq_var', 'peak_c_rate', 'switch_soc', 'qd_initial_median_clean', 'qd_slope_10_100_clean', 'tavg_median_100', 'ir_median_100']",7,LightGBM,log10,"{""learning_rate"": 0.03, ""max_depth"": 2, ""min_child_samples"": 10, ""n_estimators"": 60, ""num_leaves"": 4, ""reg_lambda"": 10.0}",12.285604145341063,5.204491002111996,102.94542938369632,12.214259900771635
M4_clean_log10_LightGBM,M4_clean,"['log10_dq_var', 'peak_c_rate', 'switch_soc', 'qd_initial_median_clean', 'qd_slope_10_100_clean', 'tavg_median_100', 'ir_median_100']",7,LightGBM,log10,"{""learning_rate"": 0.03, ""max_depth"": 2, ""min_child_samples"": 10, ""n_estimators"": 120, ""num_leaves"": 3, ""reg_lambda"": 10.0}",11.72560153122162,4.310711620388025,98.64882604779348,11.690465606191408
M4_clean_log10_LightGBM,M4_clean,"['log10_dq_var', 'peak_c_rate', 'switch_soc', 'qd_initial_median_clean', 'qd_slope_10_100_clean', 'tavg_median_100', 'ir_median_100']",7,LightGBM,log10,"{""learning_rate"": 0.03, ""max_depth"": 2, ""min_child_samples"": 10, ""n_estimators"": 120, ""num_leaves"": 4, ""reg_lambda"": 10.0}",11.72560153122162,4.310711620388025,98.64882604779348,11.690465606191408
